rodada,ano,civilizacao,cultura,classe,score,primeira_do_universo,por_contato
0,0,0,Empiristas,"camada fechada (eta=0)",-0.3,1,0
0,0,1,Incrementalistas,"camada fechada (eta=0)",-0.12,0,0
0,0,1,Incrementalistas,"eta=1 (desbalanco=1, oculto=0)",0.84,1,0
0,0,2,Evolucionistas,"camada fechada (eta=0)",-0.02,0,0
0,0,2,Evolucionistas,"eta=1 (desbalanco=1, oculto=0)",0.92,0,0
0,0,3,Isolados,"camada fechada (eta=0)",-0.02,0,0
0,1,0,Empiristas,"eta=1 (desbalanco=1, oculto=0)",0.68,0,0
0,1,2,Evolucionistas,"eta=2 (desbalanco=2, oculto=0)",1.86,1,0
0,1,3,Isolados,"eta=1 (desbalanco=1, oculto=0)",0.94,0,0
0,1,1,Incrementalistas,"eta=2 (desbalanco=2, oculto=0)",1.86,0,1
0,3,0,Empiristas,"eta=2 (desbalanco=2, oculto=0)",1.8,0,0
0,27,1,Incrementalistas,"eta=3 (desbalanco=3, oculto=0)",2.76,1,0
0,30,3,Isolados,"eta=2 (desbalanco=2, oculto=0)",1.88,0,0
0,30,0,Empiristas,"eta=3 (desbalanco=3, oculto=0)",2.78,0,1
0,36,2,Evolucionistas,"eta=3 (desbalanco=3, oculto=0)",2.8,0,1
0,40,1,Incrementalistas,"eta=4 (desbalanco=4, oculto=0)",3.7,1,0
0,43,2,Evolucionistas,"eta=4 (desbalanco=4, oculto=0)",3.7,0,1
0,51,3,Isolados,"eta=3 (desbalanco=3, oculto=0)",2.76,0,0
0,53,0,Empiristas,"eta=4 (desbalanco=4, oculto=0)",3.7,0,1
0,74,3,Isolados,"eta=4 (desbalanco=4, oculto=0)",3.74,0,0
0,80,1,Incrementalistas,"eta=5 (desbalanco=5, oculto=0)",4.68,1,0
0,81,2,Evolucionistas,"eta=5 (desbalanco=5, oculto=0)",4.68,0,1
0,95,0,Empiristas,"eta=2 (desbalanco=0, oculto=2)",5.74,1,0
0,96,0,Empiristas,"eta=5 (desbalanco=5, oculto=0)",4.7,0,1
0,96,1,Incrementalistas,"eta=2 (desbalanco=0, oculto=2)",5.74,0,1
0,98,2,Evolucionistas,"eta=2 (desbalanco=0, oculto=2)",5.74,0,1
0,101,2,Evolucionistas,"eta=3 (desbalanco=1, oculto=2)",6.68,1,0
0,101,0,Empiristas,"eta=3 (desbalanco=1, oculto=2)",6.68,0,1
0,103,1,Incrementalistas,"eta=3 (desbalanco=1, oculto=2)",6.68,0,1
0,108,3,Isolados,"eta=5 (desbalanco=5, oculto=0)",4.7,0,0
0,237,3,Isolados,"eta=2 (desbalanco=0, oculto=2)",5.68,0,0
0,238,3,Isolados,"eta=3 (desbalanco=1, oculto=2)",6.68,0,0
0,267,3,Isolados,"eta=4 (desbalanco=4, oculto=0)",3.72,0,0
1,0,0,Empiristas,"camada fechada (eta=0)",-0.1,1,0
1,0,0,Empiristas,"eta=1 (desbalanco=1, oculto=0)",0.9,1,0
1,0,1,Incrementalistas,"eta=2 (desbalanco=2, oculto=0)",1.78,1,0
1,0,1,Incrementalistas,"eta=1 (desbalanco=1, oculto=0)",0.9,0,0
1,0,2,Evolucionistas,"eta=1 (desbalanco=1, oculto=0)",0.8,0,0
1,0,2,Evolucionistas,"camada fechada (eta=0)",-0.02,0,0
1,0,3,Isolados,"camada fechada (eta=0)",-0.06,0,0
1,0,3,Isolados,"eta=1 (desbalanco=1, oculto=0)",0.94,0,0
1,1,1,Incrementalistas,"camada fechada (eta=0)",-0.14,0,0
1,1,2,Evolucionistas,"eta=2 (desbalanco=2, oculto=0)",1.82,0,0
1,1,0,Empiristas,"eta=2 (desbalanco=2, oculto=0)",1.78,0,1
1,3,1,Incrementalistas,"eta=3 (desbalanco=3, oculto=0)",2.76,1,0
1,3,0,Empiristas,"eta=3 (desbalanco=3, oculto=0)",2.76,0,1
1,5,2,Evolucionistas,"eta=3 (desbalanco=3, oculto=0)",2.76,0,1
1,6,3,Isolados,"eta=2 (desbalanco=2, oculto=0)",1.74,0,0
1,11,3,Isolados,"eta=3 (desbalanco=3, oculto=0)",2.74,0,0
1,38,0,Empiristas,"eta=2 (desbalanco=0, oculto=2)",5.74,1,0
1,39,2,Evolucionistas,"eta=2 (desbalanco=0, oculto=2)",5.74,0,1
1,40,3,Isolados,"eta=4 (desbalanco=4, oculto=0)",3.68,1,0
1,41,1,Incrementalistas,"eta=2 (desbalanco=0, oculto=2)",5.74,0,1
1,58,1,Incrementalistas,"eta=3 (desbalanco=1, oculto=2)",6.68,1,0
1,60,2,Evolucionistas,"eta=3 (desbalanco=1, oculto=2)",6.68,0,1
1,63,0,Empiristas,"eta=3 (desbalanco=1, oculto=2)",6.72,0,0
1,66,3,Isolados,"eta=5 (desbalanco=5, oculto=0)",4.7,1,0
1,120,3,Isolados,"eta=2 (desbalanco=0, oculto=2)",5.76,0,0
1,127,3,Isolados,"eta=1 (desbalanco=1, oculto=0)",0.7,0,0
1,127,3,Isolados,"camada fechada (eta=0)",-0.32,0,0
1,127,3,Isolados,"eta=3 (desbalanco=3, oculto=0)",2.7,0,0
1,127,3,Isolados,"eta=2 (desbalanco=0, oculto=2)",5.74,0,0
1,143,3,Isolados,"eta=3 (desbalanco=1, oculto=2)",6.68,0,0
1,165,1,Incrementalistas,"eta=4 (desbalanco=4, oculto=0)",3.68,0,0
1,182,0,Empiristas,"eta=4 (desbalanco=4, oculto=0)",3.74,0,1
1,188,2,Evolucionistas,"eta=4 (desbalanco=4, oculto=0)",3.74,0,1
1,207,0,Empiristas,"camada fechada (eta=0)",-0.04,0,0
1,207,0,Empiristas,"eta=3 (desbalanco=1, oculto=2)",6.72,0,0
1,207,0,Empiristas,"eta=2 (desbalanco=0, oculto=2)",5.68,0,0
2,0,0,Empiristas,"camada fechada (eta=0)",-0.04,1,0
2,0,1,Incrementalistas,"camada fechada (eta=0)",-0.02,0,0
2,0,1,Incrementalistas,"eta=1 (desbalanco=1, oculto=0)",0.82,1,0
2,0,2,Evolucionistas,"eta=1 (desbalanco=1, oculto=0)",0.74,0,0
2,0,2,Evolucionistas,"camada fechada (eta=0)",-0.04,0,0
2,0,3,Isolados,"camada fechada (eta=0)",-0.06,0,0
2,0,3,Isolados,"eta=1 (desbalanco=1, oculto=0)",0.92,0,0
2,1,0,Empiristas,"eta=1 (desbalanco=1, oculto=0)",0.86,0,0
2,1,0,Empiristas,"eta=2 (desbalanco=2, oculto=0)",1.68,1,0
2,2,3,Isolados,"eta=2 (desbalanco=2, oculto=0)",1.68,0,0
2,4,2,Evolucionistas,"eta=2 (desbalanco=2, oculto=0)",1.82,0,0
2,4,1,Incrementalistas,"eta=2 (desbalanco=2, oculto=0)",1.82,0,1
2,19,2,Evolucionistas,"eta=3 (desbalanco=3, oculto=0)",2.76,1,0
2,20,3,Isolados,"eta=3 (desbalanco=3, oculto=0)",2.78,0,0
2,30,0,Empiristas,"eta=3 (desbalanco=3, oculto=0)",2.7,0,0
2,31,1,Incrementalistas,"eta=3 (desbalanco=3, oculto=0)",2.8,0,1
2,32,0,Empiristas,"eta=2 (desbalanco=0, oculto=2)",5.72,1,0
2,32,1,Incrementalistas,"eta=2 (desbalanco=0, oculto=2)",5.72,0,1
2,33,2,Evolucionistas,"eta=2 (desbalanco=0, oculto=2)",5.72,0,1
2,50,2,Evolucionistas,"eta=4 (desbalanco=4, oculto=0)",3.7,1,0
2,51,2,Evolucionistas,"eta=3 (desbalanco=3, oculto=0)",2.74,0,0
2,51,2,Evolucionistas,"eta=2 (desbalanco=2, oculto=0)",1.88,0,0
2,67,0,Empiristas,"eta=3 (desbalanco=1, oculto=2)",6.68,1,0
2,68,2,Evolucionistas,"eta=3 (desbalanco=1, oculto=2)",6.68,0,1
2,69,1,Incrementalistas,"eta=3 (desbalanco=1, oculto=2)",6.68,0,1
2,73,3,Isolados,"eta=4 (desbalanco=4, oculto=0)",3.74,0,0
2,75,0,Empiristas,"eta=4 (desbalanco=4, oculto=0)",3.7,0,1
2,88,3,Isolados,"eta=5 (desbalanco=5, oculto=0)",4.7,1,0
2,98,0,Empiristas,"eta=5 (desbalanco=5, oculto=0)",4.68,0,0
2,101,2,Evolucionistas,"eta=5 (desbalanco=5, oculto=0)",4.68,0,0
2,106,1,Incrementalistas,"eta=4 (desbalanco=4, oculto=0)",3.7,0,1
2,148,3,Isolados,"eta=2 (desbalanco=0, oculto=2)",5.7,0,0
2,157,3,Isolados,"eta=3 (desbalanco=1, oculto=2)",6.68,0,0
2,201,1,Incrementalistas,"eta=5 (desbalanco=5, oculto=0)",4.68,0,1
3,0,0,Empiristas,"camada fechada (eta=0)",-0.12,1,0
3,0,0,Empiristas,"eta=1 (desbalanco=1, oculto=0)",0.7,1,0
3,0,1,Incrementalistas,"camada fechada (eta=0)",-0.04,0,0
3,0,1,Incrementalistas,"eta=1 (desbalanco=1, oculto=0)",0.94,0,0
3,0,2,Evolucionistas,"camada fechada (eta=0)",-0.18,0,0
3,0,2,Evolucionistas,"eta=1 (desbalanco=1, oculto=0)",0.88,0,0
3,0,3,Isolados,"camada fechada (eta=0)",-0.02,0,0
3,0,3,Isolados,"eta=1 (desbalanco=1, oculto=0)",0.94,0,0
3,2,0,Empiristas,"eta=2 (desbalanco=2, oculto=0)",1.8,1,0
3,4,2,Evolucionistas,"eta=2 (desbalanco=2, oculto=0)",1.84,0,0
3,6,1,Incrementalistas,"eta=2 (desbalanco=2, oculto=0)",1.82,0,1
3,7,0,Empiristas,"eta=3 (desbalanco=3, oculto=0)",2.68,1,0
3,7,2,Evolucionistas,"eta=3 (desbalanco=3, oculto=0)",2.68,0,1
3,13,1,Incrementalistas,"eta=3 (desbalanco=3, oculto=0)",2.78,0,0
3,18,3,Isolados,"eta=2 (desbalanco=2, oculto=0)",1.84,0,0
3,32,3,Isolados,"eta=3 (desbalanco=3, oculto=0)",2.68,0,0
3,44,1,Incrementalistas,"eta=4 (desbalanco=4, oculto=0)",3.7,1,0
3,49,0,Empiristas,"eta=4 (desbalanco=4, oculto=0)",3.72,0,1
3,52,2,Evolucionistas,"eta=4 (desbalanco=4, oculto=0)",3.72,0,1
3,58,3,Isolados,"eta=4 (desbalanco=4, oculto=0)",3.68,0,0
3,74,3,Isolados,"eta=2 (desbalanco=2, oculto=0)",1.76,0,0
3,74,3,Isolados,"camada fechada (eta=0)",-0.02,0,0
3,74,3,Isolados,"eta=4 (desbalanco=4, oculto=0)",3.72,0,0
3,87,3,Isolados,"eta=5 (desbalanco=5, oculto=0)",4.68,1,0
3,107,1,Incrementalistas,"eta=5 (desbalanco=5, oculto=0)",4.7,0,0
3,119,2,Evolucionistas,"eta=5 (desbalanco=5, oculto=0)",4.7,0,1
3,120,0,Empiristas,"eta=5 (desbalanco=5, oculto=0)",4.7,0,1
3,167,3,Isolados,"eta=4 (desbalanco=4, oculto=0)",3.7,0,0
3,167,3,Isolados,"camada fechada (eta=0)",-0.02,0,0
3,208,0,Empiristas,"eta=2 (desbalanco=0, oculto=2)",5.7,1,0
3,209,2,Evolucionistas,"eta=2 (desbalanco=0, oculto=2)",5.72,0,1
3,210,0,Empiristas,"eta=3 (desbalanco=1, oculto=2)",6.68,1,0
3,211,2,Evolucionistas,"eta=3 (desbalanco=1, oculto=2)",6.68,0,0
3,213,1,Incrementalistas,"eta=3 (desbalanco=1, oculto=2)",6.72,0,1
3,214,1,Incrementalistas,"eta=2 (desbalanco=0, oculto=2)",5.74,0,0
3,296,3,Isolados,"eta=4 (desbalanco=4, oculto=0)",3.7,0,0
3,296,3,Isolados,"eta=1 (desbalanco=1, oculto=0)",0.84,0,0
3,296,3,Isolados,"camada fechada (eta=0)",-0.08,0,0
4,0,0,Empiristas,"eta=1 (desbalanco=1, oculto=0)",0.7,1,0
4,0,0,Empiristas,"camada fechada (eta=0)",-0.04,1,0
4,0,1,Incrementalistas,"camada fechada (eta=0)",-0.04,0,0
4,0,1,Incrementalistas,"eta=1 (desbalanco=1, oculto=0)",0.88,0,0
4,0,2,Evolucionistas,"eta=1 (desbalanco=1, oculto=0)",0.88,0,0
4,0,3,Isolados,"eta=1 (desbalanco=1, oculto=0)",0.92,0,0
4,0,3,Isolados,"camada fechada (eta=0)",-0.04,0,0
4,1,2,Evolucionistas,"camada fechada (eta=0)",-0.08,0,0
4,3,0,Empiristas,"eta=2 (desbalanco=2, oculto=0)",1.72,1,0
4,4,1,Incrementalistas,"eta=2 (desbalanco=2, oculto=0)",1.72,0,1
4,4,2,Evolucionistas,"eta=2 (desbalanco=2, oculto=0)",1.72,0,1
4,9,3,Isolados,"eta=2 (desbalanco=2, oculto=0)",1.76,0,0
4,10,2,Evolucionistas,"eta=3 (desbalanco=3, oculto=0)",2.7,1,0
4,10,1,Incrementalistas,"eta=3 (desbalanco=3, oculto=0)",2.7,0,1
4,17,1,Incrementalistas,"camada fechada (eta=0)",-0.08,0,0
4,18,1,Incrementalistas,"eta=3 (desbalanco=3, oculto=0)",2.74,0,1
4,20,0,Empiristas,"eta=3 (desbalanco=3, oculto=0)",2.74,0,1
4,27,0,Empiristas,"eta=2 (desbalanco=0, oculto=2)",5.7,1,0
4,28,2,Evolucionistas,"eta=4 (desbalanco=4, oculto=0)",3.68,1,0
4,28,2,Evolucionistas,"eta=2 (desbalanco=0, oculto=2)",5.7,0,1
4,28,0,Empiristas,"eta=4 (desbalanco=4, oculto=0)",3.68,0,1
4,29,1,Incrementalistas,"eta=2 (desbalanco=0, oculto=2)",5.7,0,1
4,35,3,Isolados,"eta=1 (desbalanco=1, oculto=0)",0.74,0,0
4,35,3,Isolados,"eta=2 (desbalanco=2, oculto=0)",1.86,0,0
4,43,3,Isolados,"eta=3 (desbalanco=3, oculto=0)",2.72,0,0
4,47,2,Evolucionistas,"eta=3 (desbalanco=3, oculto=0)",2.78,0,0
4,47,2,Evolucionistas,"eta=2 (desbalanco=0, oculto=2)",5.7,0,0
4,49,1,Incrementalistas,"eta=4 (desbalanco=4, oculto=0)",3.68,0,1
4,58,0,Empiristas,"eta=3 (desbalanco=1, oculto=2)",6.7,1,0
4,61,1,Incrementalistas,"eta=2 (desbalanco=2, oculto=0)",1.68,0,0
4,61,1,Incrementalistas,"eta=3 (desbalanco=3, oculto=0)",2.78,0,0
4,61,2,Evolucionistas,"eta=3 (desbalanco=1, oculto=2)",6.7,0,1
4,63,3,Isolados,"eta=2 (desbalanco=0, oculto=2)",5.7,0,0
4,63,1,Incrementalistas,"eta=3 (desbalanco=1, oculto=2)",6.7,0,1
4,64,1,Incrementalistas,"eta=4 (desbalanco=4, oculto=0)",3.74,0,0
4,67,2,Evolucionistas,"camada fechada (eta=0)",-0.22,0,0
4,80,3,Isolados,"eta=3 (desbalanco=3, oculto=0)",2.74,0,0
4,80,3,Isolados,"eta=2 (desbalanco=0, oculto=2)",5.7,0,0
4,86,0,Empiristas,"eta=2 (desbalanco=2, oculto=0)",1.82,0,0
4,91,0,Empiristas,"eta=4 (desbalanco=4, oculto=0)",3.76,0,1
4,114,3,Isolados,"eta=3 (desbalanco=1, oculto=2)",6.7,0,0
4,116,2,Evolucionistas,"eta=3 (desbalanco=1, oculto=2)",6.72,0,0
4,154,2,Evolucionistas,"eta=2 (desbalanco=0, oculto=2)",5.72,0,0
4,154,2,Evolucionistas,"eta=1 (desbalanco=1, oculto=0)",0.7,0,0
4,189,0,Empiristas,"camada fechada (eta=0)",-0.22,0,0
4,212,0,Empiristas,"eta=4 (desbalanco=4, oculto=0)",3.76,0,1
4,261,3,Isolados,"camada fechada (eta=0)",-0.14,0,0
4,261,3,Isolados,"eta=2 (desbalanco=2, oculto=0)",1.72,0,0
4,261,3,Isolados,"eta=4 (desbalanco=4, oculto=0)",3.68,0,0
5,0,0,Empiristas,"eta=1 (desbalanco=1, oculto=0)",0.86,1,0
5,0,0,Empiristas,"camada fechada (eta=0)",-0.18,1,0
5,0,1,Incrementalistas,"eta=1 (desbalanco=1, oculto=0)",0.84,0,0
5,0,1,Incrementalistas,"eta=2 (desbalanco=2, oculto=0)",1.78,1,0
5,0,2,Evolucionistas,"camada fechada (eta=0)",-0.18,0,0
5,0,2,Evolucionistas,"eta=1 (desbalanco=1, oculto=0)",0.72,0,0
5,0,3,Isolados,"eta=1 (desbalanco=1, oculto=0)",0.8,0,0
5,0,3,Isolados,"camada fechada (eta=0)",-0.16,0,0
5,1,1,Incrementalistas,"camada fechada (eta=0)",-0.12,0,0
5,2,0,Empiristas,"eta=2 (desbalanco=2, oculto=0)",1.8,0,1
5,4,2,Evolucionistas,"eta=2 (desbalanco=2, oculto=0)",1.8,0,0
5,7,3,Isolados,"eta=2 (desbalanco=2, oculto=0)",1.86,0,0
5,20,0,Empiristas,"eta=3 (desbalanco=3, oculto=0)",2.72,1,0
5,20,1,Incrementalistas,"eta=3 (desbalanco=3, oculto=0)",2.76,0,0
5,22,2,Evolucionistas,"eta=3 (desbalanco=3, oculto=0)",2.76,0,1
5,32,1,Incrementalistas,"eta=4 (desbalanco=4, oculto=0)",3.7,1,0
5,32,0,Empiristas,"eta=4 (desbalanco=4, oculto=0)",3.7,0,1
5,32,2,Evolucionistas,"eta=4 (desbalanco=4, oculto=0)",3.7,0,1
5,33,3,Isolados,"eta=3 (desbalanco=3, oculto=0)",2.72,0,0
5,34,3,Isolados,"eta=4 (desbalanco=4, oculto=0)",3.7,0,0
5,38,0,Empiristas,"eta=2 (desbalanco=0, oculto=2)",5.74,1,0
5,42,0,Empiristas,"eta=3 (desbalanco=1, oculto=2)",6.7,1,0
5,43,1,Incrementalistas,"eta=3 (desbalanco=1, oculto=2)",6.7,0,1
5,44,1,Incrementalistas,"eta=2 (desbalanco=0, oculto=2)",5.72,0,0
5,44,2,Evolucionistas,"eta=3 (desbalanco=1, oculto=2)",6.7,0,1
5,54,2,Evolucionistas,"eta=2 (desbalanco=0, oculto=2)",5.7,0,0
5,61,3,Isolados,"eta=5 (desbalanco=5, oculto=0)",4.68,1,0
5,123,1,Incrementalistas,"eta=2 (desbalanco=2, oculto=0)",1.7,0,0
5,123,1,Incrementalistas,"eta=3 (desbalanco=1, oculto=2)",6.68,0,0
5,127,1,Incrementalistas,"eta=4 (desbalanco=4, oculto=0)",3.72,0,1
5,178,3,Isolados,"eta=2 (desbalanco=0, oculto=2)",5.68,0,0
5,179,3,Isolados,"eta=3 (desbalanco=1, oculto=2)",6.7,0,0
6,0,0,Empiristas,"eta=1 (desbalanco=1, oculto=0)",0.88,1,0
6,0,0,Empiristas,"eta=2 (desbalanco=2, oculto=0)",1.76,1,0
6,0,0,Empiristas,"camada fechada (eta=0)",-0.22,1,0
6,0,1,Incrementalistas,"eta=1 (desbalanco=1, oculto=0)",0.82,0,0
6,0,1,Incrementalistas,"eta=2 (desbalanco=2, oculto=0)",1.68,0,0
6,0,2,Evolucionistas,"eta=1 (desbalanco=1, oculto=0)",0.82,0,0
6,0,3,Isolados,"camada fechada (eta=0)",-0.16,0,0
6,1,1,Incrementalistas,"camada fechada (eta=0)",-0.18,0,0
6,1,2,Evolucionistas,"camada fechada (eta=0)",-0.02,0,0
6,1,3,Isolados,"eta=1 (desbalanco=1, oculto=0)",0.82,0,0
6,1,2,Evolucionistas,"eta=2 (desbalanco=2, oculto=0)",1.72,0,1
6,2,1,Incrementalistas,"eta=3 (desbalanco=3, oculto=0)",2.68,1,0
6,2,0,Empiristas,"eta=3 (desbalanco=3, oculto=0)",2.68,0,1
6,4,3,Isolados,"eta=2 (desbalanco=2, oculto=0)",1.84,0,0
6,4,2,Evolucionistas,"eta=3 (desbalanco=3, oculto=0)",2.68,0,1
6,7,1,Incrementalistas,"eta=4 (desbalanco=4, oculto=0)",3.72,1,0
6,10,0,Empiristas,"eta=4 (desbalanco=4, oculto=0)",3.72,0,1
6,10,2,Evolucionistas,"eta=4 (desbalanco=4, oculto=0)",3.72,0,1
6,23,1,Incrementalistas,"eta=3 (desbalanco=3, oculto=0)",2.7,0,0
6,23,1,Incrementalistas,"eta=4 (desbalanco=4, oculto=0)",3.72,0,1
6,35,3,Isolados,"eta=3 (desbalanco=3, oculto=0)",2.7,0,0
6,49,3,Isolados,"eta=4 (desbalanco=4, oculto=0)",3.7,0,0
6,68,0,Empiristas,"eta=5 (desbalanco=5, oculto=0)",4.68,1,0
6,68,2,Evolucionistas,"eta=5 (desbalanco=5, oculto=0)",4.7,0,0
6,68,1,Incrementalistas,"eta=5 (desbalanco=5, oculto=0)",4.68,0,1
6,75,0,Empiristas,"eta=2 (desbalanco=0, oculto=2)",5.7,1,0
6,75,2,Evolucionistas,"eta=2 (desbalanco=0, oculto=2)",5.7,0,1
6,78,1,Incrementalistas,"eta=2 (desbalanco=0, oculto=2)",5.7,0,1
6,79,3,Isolados,"eta=5 (desbalanco=5, oculto=0)",4.68,0,0
6,81,2,Evolucionistas,"eta=3 (desbalanco=1, oculto=2)",6.7,1,0
6,83,1,Incrementalistas,"eta=3 (desbalanco=1, oculto=2)",6.7,0,1
6,84,0,Empiristas,"eta=3 (desbalanco=1, oculto=2)",6.7,0,1
6,159,1,Incrementalistas,"eta=1 (desbalanco=1, oculto=0)",0.72,0,0
6,159,1,Incrementalistas,"eta=3 (desbalanco=3, oculto=0)",2.76,0,0
6,159,1,Incrementalistas,"eta=2 (desbalanco=2, oculto=0)",1.7,0,0
6,179,1,Incrementalistas,"eta=5 (desbalanco=5, oculto=0)",4.7,0,1
6,202,0,Empiristas,"eta=2 (desbalanco=2, oculto=0)",1.76,0,0
6,202,0,Empiristas,"eta=2 (desbalanco=0, oculto=2)",5.68,0,0
6,203,3,Isolados,"eta=2 (desbalanco=0, oculto=2)",5.74,0,0
6,204,3,Isolados,"eta=3 (desbalanco=1, oculto=2)",6.7,0,0
7,0,0,Empiristas,"camada fechada (eta=0)",-0.18,1,0
7,0,0,Empiristas,"eta=1 (desbalanco=1, oculto=0)",0.82,1,0
7,0,1,Incrementalistas,"camada fechada (eta=0)",-0.16,0,0
7,0,1,Incrementalistas,"eta=1 (desbalanco=1, oculto=0)",0.84,0,0
7,0,2,Evolucionistas,"camada fechada (eta=0)",-0.08,0,0
7,0,2,Evolucionistas,"eta=1 (desbalanco=1, oculto=0)",0.88,0,0
7,0,3,Isolados,"camada fechada (eta=0)",-0.12,0,0
7,0,3,Isolados,"eta=1 (desbalanco=1, oculto=0)",0.9,0,0
7,2,0,Empiristas,"eta=2 (desbalanco=2, oculto=0)",1.82,1,0
7,3,2,Evolucionistas,"eta=2 (desbalanco=2, oculto=0)",1.82,0,1
7,3,1,Incrementalistas,"eta=2 (desbalanco=2, oculto=0)",1.82,0,1
7,6,3,Isolados,"eta=2 (desbalanco=2, oculto=0)",1.8,0,0
7,20,1,Incrementalistas,"eta=3 (desbalanco=3, oculto=0)",2.78,1,0
7,22,0,Empiristas,"eta=3 (desbalanco=3, oculto=0)",2.78,0,1
7,23,2,Evolucionistas,"eta=3 (desbalanco=3, oculto=0)",2.78,0,0
7,29,2,Evolucionistas,"eta=4 (desbalanco=4, oculto=0)",3.7,1,0
7,30,0,Empiristas,"eta=4 (desbalanco=4, oculto=0)",3.7,0,1
7,32,1,Incrementalistas,"eta=4 (desbalanco=4, oculto=0)",3.7,0,1
7,33,3,Isolados,"eta=3 (desbalanco=3, oculto=0)",2.8,0,0
7,40,2,Evolucionistas,"eta=5 (desbalanco=5, oculto=0)",4.68,1,0
7,43,3,Isolados,"eta=4 (desbalanco=4, oculto=0)",3.7,0,0
7,45,1,Incrementalistas,"eta=5 (desbalanco=5, oculto=0)",4.68,0,1
7,49,0,Empiristas,"eta=5 (desbalanco=5, oculto=0)",4.68,0,1
7,71,3,Isolados,"eta=5 (desbalanco=5, oculto=0)",4.7,0,0
7,117,3,Isolados,"camada fechada (eta=0)",-0.2,0,0
7,120,3,Isolados,"eta=5 (desbalanco=5, oculto=0)",4.7,0,0
7,135,0,Empiristas,"eta=2 (desbalanco=0, oculto=2)",5.72,1,0
7,137,2,Evolucionistas,"eta=2 (desbalanco=0, oculto=2)",5.72,0,1
7,142,1,Incrementalistas,"eta=2 (desbalanco=0, oculto=2)",5.74,0,1
7,146,1,Incrementalistas,"eta=3 (desbalanco=1, oculto=2)",6.7,1,0
7,146,2,Evolucionistas,"eta=3 (desbalanco=1, oculto=2)",6.7,0,1
7,148,0,Empiristas,"eta=3 (desbalanco=1, oculto=2)",6.72,0,1
7,198,3,Isolados,"eta=2 (desbalanco=0, oculto=2)",5.68,0,0
7,201,3,Isolados,"eta=3 (desbalanco=1, oculto=2)",6.72,0,0
8,0,0,Empiristas,"eta=1 (desbalanco=1, oculto=0)",0.88,1,0
8,0,0,Empiristas,"camada fechada (eta=0)",-0.24,1,0
8,0,1,Incrementalistas,"camada fechada (eta=0)",-0.26,0,0
8,0,1,Incrementalistas,"eta=1 (desbalanco=1, oculto=0)",0.7,0,0
8,0,2,Evolucionistas,"camada fechada (eta=0)",-0.02,0,0
8,0,3,Isolados,"camada fechada (eta=0)",-0.22,0,0
8,0,3,Isolados,"eta=2 (desbalanco=2, oculto=0)",1.78,1,0
8,0,3,Isolados,"eta=1 (desbalanco=1, oculto=0)",0.8,0,0
8,1,1,Incrementalistas,"eta=2 (desbalanco=2, oculto=0)",1.74,0,0
8,1,2,Evolucionistas,"eta=1 (desbalanco=1, oculto=0)",0.94,0,0
8,2,2,Evolucionistas,"eta=2 (desbalanco=2, oculto=0)",1.76,0,1
8,5,0,Empiristas,"eta=2 (desbalanco=2, oculto=0)",1.76,0,0
8,6,0,Empiristas,"eta=3 (desbalanco=3, oculto=0)",2.72,1,0
8,6,1,Incrementalistas,"eta=3 (desbalanco=3, oculto=0)",2.72,0,1
8,8,2,Evolucionistas,"eta=3 (desbalanco=3, oculto=0)",2.72,0,1
8,15,2,Evolucionistas,"eta=2 (desbalanco=0, oculto=2)",5.72,1,0
8,16,0,Empiristas,"eta=2 (desbalanco=0, oculto=2)",5.68,0,0
8,18,1,Incrementalistas,"eta=2 (desbalanco=0, oculto=2)",5.72,0,1
8,25,3,Isolados,"eta=3 (desbalanco=3, oculto=0)",2.76,0,0
8,39,2,Evolucionistas,"eta=3 (desbalanco=3, oculto=0)",2.7,0,0
8,42,1,Incrementalistas,"eta=4 (desbalanco=4, oculto=0)",3.72,1,0
8,43,0,Empiristas,"eta=4 (desbalanco=4, oculto=0)",3.72,0,1
8,46,3,Isolados,"eta=2 (desbalanco=0, oculto=2)",5.72,0,0
8,51,2,Evolucionistas,"eta=3 (desbalanco=1, oculto=2)",6.7,1,0
8,64,3,Isolados,"eta=4 (desbalanco=4, oculto=0)",3.72,0,0
8,65,1,Incrementalistas,"eta=3 (desbalanco=1, oculto=2)",6.72,0,1
8,68,0,Empiristas,"eta=3 (desbalanco=1, oculto=2)",6.72,0,1
8,69,3,Isolados,"eta=3 (desbalanco=1, oculto=2)",6.7,0,0
8,77,3,Isolados,"eta=2 (desbalanco=2, oculto=0)",1.8,0,0
8,78,2,Evolucionistas,"eta=4 (desbalanco=4, oculto=0)",3.74,0,0
8,86,2,Evolucionistas,"eta=3 (desbalanco=3, oculto=0)",2.7,0,0
8,98,3,Isolados,"eta=1 (desbalanco=1, oculto=0)",0.8,0,0
8,101,3,Isolados,"eta=3 (desbalanco=3, oculto=0)",2.72,0,0
8,124,3,Isolados,"eta=4 (desbalanco=4, oculto=0)",3.72,0,0
8,203,3,Isolados,"camada fechada (eta=0)",-0.12,0,0
8,203,3,Isolados,"eta=3 (desbalanco=3, oculto=0)",2.76,0,0
8,216,1,Incrementalistas,"eta=1 (desbalanco=1, oculto=0)",0.68,0,0
8,216,1,Incrementalistas,"eta=2 (desbalanco=0, oculto=2)",5.7,0,0
8,216,1,Incrementalistas,"eta=3 (desbalanco=1, oculto=2)",6.7,0,0
8,220,0,Empiristas,"eta=5 (desbalanco=5, oculto=0)",4.68,1,0
8,242,1,Incrementalistas,"eta=4 (desbalanco=4, oculto=0)",3.76,0,1
8,244,2,Evolucionistas,"eta=5 (desbalanco=5, oculto=0)",4.68,0,1
8,261,1,Incrementalistas,"eta=5 (desbalanco=5, oculto=0)",4.68,0,0
9,0,0,Empiristas,"eta=1 (desbalanco=1, oculto=0)",0.94,1,0
9,0,0,Empiristas,"camada fechada (eta=0)",-0.12,1,0
9,0,1,Incrementalistas,"eta=1 (desbalanco=1, oculto=0)",0.78,0,0
9,0,1,Incrementalistas,"camada fechada (eta=0)",-0.14,0,0
9,0,2,Evolucionistas,"eta=2 (desbalanco=2, oculto=0)",1.68,1,0
9,0,2,Evolucionistas,"eta=1 (desbalanco=1, oculto=0)",0.7,0,0
9,0,2,Evolucionistas,"camada fechada (eta=0)",-0.32,0,0
9,0,3,Isolados,"eta=2 (desbalanco=2, oculto=0)",1.78,0,0
9,0,3,Isolados,"camada fechada (eta=0)",-0.02,0,0
9,0,3,Isolados,"eta=1 (desbalanco=1, oculto=0)",0.78,0,0
9,5,3,Isolados,"eta=3 (desbalanco=3, oculto=0)",2.74,1,0
9,7,0,Empiristas,"eta=2 (desbalanco=2, oculto=0)",1.82,0,1
9,12,1,Incrementalistas,"eta=2 (desbalanco=2, oculto=0)",1.82,0,1
9,28,2,Evolucionistas,"eta=3 (desbalanco=3, oculto=0)",2.72,0,0
9,30,2,Evolucionistas,"eta=4 (desbalanco=4, oculto=0)",3.7,1,0
9,30,1,Incrementalistas,"eta=4 (desbalanco=4, oculto=0)",3.7,0,1
9,31,0,Empiristas,"eta=3 (desbalanco=3, oculto=0)",2.68,0,0
9,31,1,Incrementalistas,"eta=3 (desbalanco=3, oculto=0)",2.7,0,0
9,33,0,Empiristas,"eta=4 (desbalanco=4, oculto=0)",3.7,0,1
9,46,1,Incrementalistas,"eta=2 (desbalanco=0, oculto=2)",5.68,1,0
9,47,0,Empiristas,"eta=2 (desbalanco=0, oculto=2)",5.68,0,1
9,48,3,Isolados,"eta=4 (desbalanco=4, oculto=0)",3.74,0,0
9,54,2,Evolucionistas,"eta=2 (desbalanco=0, oculto=2)",5.68,0,1
9,77,3,Isolados,"eta=5 (desbalanco=5, oculto=0)",4.68,1,0
9,84,1,Incrementalistas,"eta=3 (desbalanco=1, oculto=2)",6.7,1,0
9,92,0,Empiristas,"eta=3 (desbalanco=1, oculto=2)",6.72,0,1
9,99,2,Evolucionistas,"eta=3 (desbalanco=1, oculto=2)",6.72,0,1
9,121,1,Incrementalistas,"eta=1 (desbalanco=1, oculto=0)",0.68,0,0
9,121,1,Incrementalistas,"eta=2 (desbalanco=0, oculto=2)",5.7,0,0
9,121,1,Incrementalistas,"eta=3 (desbalanco=1, oculto=2)",6.7,0,0
9,136,2,Evolucionistas,"eta=5 (desbalanco=5, oculto=0)",4.7,0,0
9,145,3,Isolados,"eta=2 (desbalanco=0, oculto=2)",5.78,0,0
9,153,1,Incrementalistas,"eta=5 (desbalanco=5, oculto=0)",4.7,0,1
9,154,0,Empiristas,"eta=5 (desbalanco=5, oculto=0)",4.7,0,1
9,156,3,Isolados,"eta=3 (desbalanco=1, oculto=2)",6.7,0,0
9,166,0,Empiristas,"eta=1 (desbalanco=1, oculto=0)",0.7,0,0
9,166,0,Empiristas,"eta=2 (desbalanco=2, oculto=0)",1.72,0,0
9,192,3,Isolados,"eta=2 (desbalanco=2, oculto=0)",1.72,0,0
9,254,2,Evolucionistas,"camada fechada (eta=0)",-0.14,0,0
9,254,2,Evolucionistas,"eta=2 (desbalanco=2, oculto=0)",1.72,0,0
9,281,0,Empiristas,"eta=2 (desbalanco=0, oculto=2)",5.68,0,0
9,281,0,Empiristas,"eta=1 (desbalanco=1, oculto=0)",0.72,0,0
9,281,0,Empiristas,"camada fechada (eta=0)",-0.02,0,0
9,285,0,Empiristas,"eta=5 (desbalanco=5, oculto=0)",4.7,0,1
9,289,2,Evolucionistas,"eta=3 (desbalanco=1, oculto=2)",6.72,0,0
9,289,2,Evolucionistas,"eta=3 (desbalanco=3, oculto=0)",2.74,0,0
9,289,2,Evolucionistas,"eta=2 (desbalanco=0, oculto=2)",5.68,0,0
10,0,0,Empiristas,"eta=1 (desbalanco=1, oculto=0)",0.76,1,0
10,0,0,Empiristas,"camada fechada (eta=0)",-0.12,1,0
10,0,1,Incrementalistas,"eta=1 (desbalanco=1, oculto=0)",0.88,0,0
10,0,1,Incrementalistas,"camada fechada (eta=0)",-0.12,0,0
10,0,2,Evolucionistas,"camada fechada (eta=0)",-0.04,0,0
10,0,2,Evolucionistas,"eta=2 (desbalanco=2, oculto=0)",1.72,1,0
10,0,3,Isolados,"camada fechada (eta=0)",-0.16,0,0
10,0,3,Isolados,"eta=1 (desbalanco=1, oculto=0)",0.84,0,0
10,1,0,Empiristas,"eta=2 (desbalanco=2, oculto=0)",1.68,0,0
10,1,2,Evolucionistas,"eta=3 (desbalanco=3, oculto=0)",2.74,1,0
10,1,2,Evolucionistas,"eta=1 (desbalanco=1, oculto=0)",0.74,0,0
10,3,1,Incrementalistas,"eta=3 (desbalanco=3, oculto=0)",2.74,0,1
10,5,1,Incrementalistas,"eta=2 (desbalanco=2, oculto=0)",1.68,0,0
10,7,0,Empiristas,"eta=3 (desbalanco=3, oculto=0)",2.76,0,1
10,26,3,Isolados,"eta=2 (desbalanco=2, oculto=0)",1.68,0,0
10,40,1,Incrementalistas,"eta=4 (desbalanco=4, oculto=0)",3.68,1,0
10,40,2,Evolucionistas,"eta=4 (desbalanco=4, oculto=0)",3.68,0,1
10,41,3,Isolados,"eta=2 (desbalanco=2, oculto=0)",1.82,0,0
10,42,0,Empiristas,"eta=4 (desbalanco=4, oculto=0)",3.68,0,1
10,55,2,Evolucionistas,"eta=5 (desbalanco=5, oculto=0)",4.7,1,0
10,56,1,Incrementalistas,"eta=5 (desbalanco=5, oculto=0)",4.68,0,0
10,59,0,Empiristas,"eta=5 (desbalanco=5, oculto=0)",4.7,0,1
10,89,3,Isolados,"eta=3 (desbalanco=3, oculto=0)",2.72,0,0
10,104,3,Isolados,"eta=4 (desbalanco=4, oculto=0)",3.74,0,0
10,112,3,Isolados,"eta=5 (desbalanco=5, oculto=0)",4.7,0,0
10,124,0,Empiristas,"eta=2 (desbalanco=2, oculto=0)",1.72,0,0
10,137,1,Incrementalistas,"eta=1 (desbalanco=1, oculto=0)",0.88,0,0
10,183,0,Empiristas,"eta=2 (desbalanco=0, oculto=2)",5.68,1,0
10,183,2,Evolucionistas,"eta=2 (desbalanco=0, oculto=2)",5.7,0,1
10,185,2,Evolucionistas,"eta=3 (desbalanco=1, oculto=2)",6.68,1,0
10,185,1,Incrementalistas,"eta=3 (desbalanco=1, oculto=2)",6.68,0,1
10,186,1,Incrementalistas,"eta=2 (desbalanco=0, oculto=2)",5.7,0,0
10,193,0,Empiristas,"eta=3 (desbalanco=1, oculto=2)",6.72,0,0
10,220,3,Isolados,"eta=3 (desbalanco=1, oculto=2)",6.7,0,0
10,220,3,Isolados,"eta=2 (desbalanco=0, oculto=2)",5.72,0,0
10,243,2,Evolucionistas,"eta=1 (desbalanco=1, oculto=0)",0.74,0,0
10,243,2,Evolucionistas,"eta=3 (desbalanco=3, oculto=0)",2.8,0,0
11,0,0,Empiristas,"eta=1 (desbalanco=1, oculto=0)",0.86,1,0
11,0,0,Empiristas,"eta=2 (desbalanco=2, oculto=0)",1.82,1,0
11,0,0,Empiristas,"camada fechada (eta=0)",-0.02,1,0
11,0,1,Incrementalistas,"camada fechada (eta=0)",-0.02,0,0
11,0,1,Incrementalistas,"eta=1 (desbalanco=1, oculto=0)",0.78,0,0
11,0,2,Evolucionistas,"eta=1 (desbalanco=1, oculto=0)",0.88,0,0
11,0,2,Evolucionistas,"camada fechada (eta=0)",-0.06,0,0
11,0,3,Isolados,"eta=1 (desbalanco=1, oculto=0)",0.78,0,0
11,0,3,Isolados,"camada fechada (eta=0)",-0.02,0,0
11,1,1,Incrementalistas,"eta=2 (desbalanco=2, oculto=0)",1.8,0,0
11,1,2,Evolucionistas,"eta=2 (desbalanco=2, oculto=0)",1.82,0,1
11,9,3,Isolados,"eta=2 (desbalanco=2, oculto=0)",1.74,0,0
11,23,1,Incrementalistas,"eta=3 (desbalanco=3, oculto=0)",2.78,1,0
11,25,2,Evolucionistas,"eta=3 (desbalanco=3, oculto=0)",2.78,0,0
11,25,0,Empiristas,"eta=3 (desbalanco=3, oculto=0)",2.78,0,1
11,46,0,Empiristas,"camada fechada (eta=0)",-0.06,0,0
11,46,0,Empiristas,"eta=3 (desbalanco=3, oculto=0)",2.82,0,1
11,47,0,Empiristas,"eta=2 (desbalanco=2, oculto=0)",1.7,0,0
11,56,3,Isolados,"eta=3 (desbalanco=3, oculto=0)",2.68,0,0
11,61,2,Evolucionistas,"eta=4 (desbalanco=4, oculto=0)",3.74,1,0
11,62,1,Incrementalistas,"eta=4 (desbalanco=4, oculto=0)",3.74,0,1
11,65,0,Empiristas,"eta=4 (desbalanco=4, oculto=0)",3.74,0,1
11,66,2,Evolucionistas,"eta=2 (desbalanco=0, oculto=2)",5.72,1,0
11,66,0,Empiristas,"eta=2 (desbalanco=0, oculto=2)",5.78,0,1
11,71,1,Incrementalistas,"eta=2 (desbalanco=0, oculto=2)",5.78,0,1
11,72,2,Evolucionistas,"eta=3 (desbalanco=1, oculto=2)",6.7,1,0
11,73,0,Empiristas,"eta=3 (desbalanco=1, oculto=2)",6.7,0,1
11,79,1,Incrementalistas,"eta=3 (desbalanco=1, oculto=2)",6.72,0,1
11,82,3,Isolados,"eta=4 (desbalanco=4, oculto=0)",3.74,0,0
11,98,3,Isolados,"eta=5 (desbalanco=5, oculto=0)",4.68,1,0
11,152,1,Incrementalistas,"eta=2 (desbalanco=2, oculto=0)",1.72,0,0
11,152,1,Incrementalistas,"eta=3 (desbalanco=1, oculto=2)",6.68,0,0
11,189,0,Empiristas,"eta=3 (desbalanco=1, oculto=2)",6.68,0,0
11,189,0,Empiristas,"eta=2 (desbalanco=2, oculto=0)",1.78,0,0
11,189,0,Empiristas,"eta=2 (desbalanco=0, oculto=2)",5.72,0,0
11,192,0,Empiristas,"eta=3 (desbalanco=3, oculto=0)",2.68,0,0
11,211,0,Empiristas,"eta=4 (desbalanco=4, oculto=0)",3.76,0,1
11,212,3,Isolados,"eta=1 (desbalanco=1, oculto=0)",0.72,0,0
11,236,1,Incrementalistas,"camada fechada (eta=0)",-0.02,0,0
11,271,1,Incrementalistas,"eta=2 (desbalanco=0, oculto=2)",5.72,0,0
12,0,0,Empiristas,"camada fechada (eta=0)",-0.14,1,0
12,0,1,Incrementalistas,"eta=1 (desbalanco=1, oculto=0)",0.78,1,0
12,0,1,Incrementalistas,"camada fechada (eta=0)",-0.18,0,0
12,0,2,Evolucionistas,"eta=1 (desbalanco=1, oculto=0)",0.86,0,0
12,0,2,Evolucionistas,"camada fechada (eta=0)",-0.02,0,0
12,0,3,Isolados,"camada fechada (eta=0)",-0.3,0,0
12,2,3,Isolados,"eta=1 (desbalanco=1, oculto=0)",0.84,0,0
12,3,0,Empiristas,"eta=1 (desbalanco=1, oculto=0)",0.68,0,0
12,6,3,Isolados,"eta=2 (desbalanco=2, oculto=0)",1.7,1,0
12,8,2,Evolucionistas,"eta=2 (desbalanco=2, oculto=0)",1.84,0,0
12,8,3,Isolados,"eta=3 (desbalanco=3, oculto=0)",2.7,1,0
12,10,1,Incrementalistas,"eta=2 (desbalanco=2, oculto=0)",1.84,0,1
12,14,0,Empiristas,"eta=2 (desbalanco=2, oculto=0)",1.82,0,0
12,26,3,Isolados,"eta=4 (desbalanco=4, oculto=0)",3.68,1,0
12,37,0,Empiristas,"eta=3 (desbalanco=3, oculto=0)",2.78,0,0
12,40,1,Incrementalistas,"eta=3 (desbalanco=3, oculto=0)",2.8,0,0
12,40,2,Evolucionistas,"eta=3 (desbalanco=3, oculto=0)",2.82,0,1
12,60,0,Empiristas,"eta=4 (desbalanco=4, oculto=0)",3.74,0,0
12,61,2,Evolucionistas,"eta=4 (desbalanco=4, oculto=0)",3.68,0,0
12,61,1,Incrementalistas,"eta=4 (desbalanco=4, oculto=0)",3.68,0,1
12,82,3,Isolados,"eta=5 (desbalanco=5, oculto=0)",4.68,1,0
12,87,0,Empiristas,"eta=5 (desbalanco=5, oculto=0)",4.68,0,0
12,87,2,Evolucionistas,"eta=5 (desbalanco=5, oculto=0)",4.68,0,1
12,88,1,Incrementalistas,"eta=5 (desbalanco=5, oculto=0)",4.68,0,1
12,125,0,Empiristas,"camada fechada (eta=0)",-0.28,0,0
12,125,0,Empiristas,"eta=2 (desbalanco=2, oculto=0)",1.78,0,0
12,132,3,Isolados,"eta=2 (desbalanco=0, oculto=2)",5.78,1,0
12,146,3,Isolados,"eta=3 (desbalanco=1, oculto=2)",6.72,1,0
12,162,2,Evolucionistas,"eta=2 (desbalanco=0, oculto=2)",5.76,0,0
12,166,1,Incrementalistas,"eta=2 (desbalanco=0, oculto=2)",5.76,0,1
12,166,0,Empiristas,"eta=2 (desbalanco=0, oculto=2)",5.76,0,1
12,168,1,Incrementalistas,"eta=3 (desbalanco=1, oculto=2)",6.72,0,0
12,168,2,Evolucionistas,"eta=3 (desbalanco=1, oculto=2)",6.68,0,0
12,169,0,Empiristas,"eta=3 (desbalanco=1, oculto=2)",6.72,0,1
12,223,0,Empiristas,"eta=1 (desbalanco=1, oculto=0)",0.68,0,0
12,223,0,Empiristas,"camada fechada (eta=0)",-0.1,0,0
12,281,1,Incrementalistas,"eta=2 (desbalanco=0, oculto=2)",5.7,0,0
12,281,1,Incrementalistas,"eta=4 (desbalanco=4, oculto=0)",3.7,0,0
12,281,1,Incrementalistas,"eta=3 (desbalanco=3, oculto=0)",2.7,0,0
13,0,0,Empiristas,"camada fechada (eta=0)",-0.04,1,0
13,0,0,Empiristas,"eta=1 (desbalanco=1, oculto=0)",0.84,1,0
13,0,1,Incrementalistas,"eta=1 (desbalanco=1, oculto=0)",0.78,0,0
13,0,1,Incrementalistas,"camada fechada (eta=0)",-0.08,0,0
13,0,2,Evolucionistas,"eta=2 (desbalanco=2, oculto=0)",1.7,1,0
13,0,2,Evolucionistas,"camada fechada (eta=0)",-0.28,0,0
13,0,2,Evolucionistas,"eta=1 (desbalanco=1, oculto=0)",0.72,0,0
13,0,3,Isolados,"camada fechada (eta=0)",-0.32,0,0
13,0,3,Isolados,"eta=2 (desbalanco=2, oculto=0)",1.72,0,0
13,0,3,Isolados,"eta=1 (desbalanco=1, oculto=0)",0.74,0,0
13,3,0,Empiristas,"eta=2 (desbalanco=2, oculto=0)",1.72,0,0
13,3,1,Incrementalistas,"eta=2 (desbalanco=2, oculto=0)",1.72,0,1
13,4,3,Isolados,"eta=3 (desbalanco=3, oculto=0)",2.74,1,0
13,4,3,Isolados,"eta=4 (desbalanco=4, oculto=0)",3.72,1,0
13,8,0,Empiristas,"eta=3 (desbalanco=3, oculto=0)",2.76,0,0
13,8,1,Incrementalistas,"eta=3 (desbalanco=3, oculto=0)",2.76,0,1
13,9,2,Evolucionistas,"eta=3 (desbalanco=3, oculto=0)",2.72,0,0
13,17,1,Incrementalistas,"eta=4 (desbalanco=4, oculto=0)",3.72,0,0
13,21,2,Evolucionistas,"eta=4 (desbalanco=4, oculto=0)",3.72,0,1
13,26,1,Incrementalistas,"eta=4 (desbalanco=4, oculto=0)",3.7,0,0
13,26,0,Empiristas,"eta=4 (desbalanco=4, oculto=0)",3.74,0,1
13,27,1,Incrementalistas,"eta=3 (desbalanco=3, oculto=0)",2.68,0,0
13,28,1,Incrementalistas,"camada fechada (eta=0)",-0.12,0,0
13,49,0,Empiristas,"eta=2 (desbalanco=0, oculto=2)",5.74,1,0
13,50,1,Incrementalistas,"eta=2 (desbalanco=0, oculto=2)",5.74,0,1
13,51,2,Evolucionistas,"eta=2 (desbalanco=0, oculto=2)",5.74,0,1
13,56,1,Incrementalistas,"eta=5 (desbalanco=5, oculto=0)",4.68,1,0
13,60,2,Evolucionistas,"eta=5 (desbalanco=5, oculto=0)",4.7,0,0
13,61,1,Incrementalistas,"eta=3 (desbalanco=1, oculto=2)",6.7,1,0
13,65,2,Evolucionistas,"eta=3 (desbalanco=1, oculto=2)",6.72,0,1
13,68,0,Empiristas,"eta=3 (desbalanco=1, oculto=2)",6.72,0,1
13,68,0,Empiristas,"eta=5 (desbalanco=5, oculto=0)",4.68,0,1
13,94,3,Isolados,"eta=5 (desbalanco=5, oculto=0)",4.7,0,0
13,228,3,Isolados,"eta=2 (desbalanco=0, oculto=2)",5.78,0,0
13,231,3,Isolados,"eta=3 (desbalanco=1, oculto=2)",6.7,0,0
14,0,0,Empiristas,"eta=1 (desbalanco=1, oculto=0)",0.84,1,0
14,0,1,Incrementalistas,"eta=1 (desbalanco=1, oculto=0)",0.72,0,0
14,0,1,Incrementalistas,"camada fechada (eta=0)",-0.04,1,0
14,0,2,Evolucionistas,"camada fechada (eta=0)",-0.24,0,0
14,0,2,Evolucionistas,"eta=1 (desbalanco=1, oculto=0)",0.9,0,0
14,0,3,Isolados,"eta=1 (desbalanco=1, oculto=0)",0.78,0,0
14,0,3,Isolados,"camada fechada (eta=0)",-0.24,0,0
14,1,0,Empiristas,"camada fechada (eta=0)",-0.18,0,0
14,1,1,Incrementalistas,"eta=2 (desbalanco=2, oculto=0)",1.78,1,0
14,2,3,Isolados,"eta=2 (desbalanco=2, oculto=0)",1.8,0,0
14,2,0,Empiristas,"eta=2 (desbalanco=2, oculto=0)",1.78,0,1
14,3,2,Evolucionistas,"eta=2 (desbalanco=2, oculto=0)",1.88,0,0
14,9,1,Incrementalistas,"eta=3 (desbalanco=3, oculto=0)",2.7,1,0
14,18,3,Isolados,"eta=3 (desbalanco=3, oculto=0)",2.76,0,0
14,18,0,Empiristas,"eta=3 (desbalanco=3, oculto=0)",2.7,0,1
14,18,2,Evolucionistas,"eta=3 (desbalanco=3, oculto=0)",2.7,0,1
14,32,2,Evolucionistas,"eta=4 (desbalanco=4, oculto=0)",3.72,1,0
14,33,1,Incrementalistas,"eta=4 (desbalanco=4, oculto=0)",3.68,0,0
14,33,3,Isolados,"eta=4 (desbalanco=4, oculto=0)",3.68,0,0
14,33,0,Empiristas,"eta=4 (desbalanco=4, oculto=0)",3.72,0,1
14,62,0,Empiristas,"eta=2 (desbalanco=0, oculto=2)",5.68,1,0
14,62,1,Incrementalistas,"eta=2 (desbalanco=0, oculto=2)",5.68,0,1
14,63,2,Evolucionistas,"eta=2 (desbalanco=0, oculto=2)",5.7,0,1
14,73,3,Isolados,"eta=5 (desbalanco=5, oculto=0)",4.7,1,0
14,77,1,Incrementalistas,"eta=3 (desbalanco=1, oculto=2)",6.68,1,0
14,77,1,Incrementalistas,"eta=5 (desbalanco=5, oculto=0)",4.68,0,0
14,80,1,Incrementalistas,"eta=4 (desbalanco=4, oculto=0)",3.7,0,0
14,87,0,Empiristas,"camada fechada (eta=0)",-0.04,0,0
14,87,0,Empiristas,"eta=4 (desbalanco=4, oculto=0)",3.7,0,0
14,87,0,Empiristas,"eta=3 (desbalanco=1, oculto=2)",6.68,0,1
14,88,2,Evolucionistas,"eta=3 (desbalanco=1, oculto=2)",6.68,0,1
14,101,2,Evolucionistas,"eta=5 (desbalanco=5, oculto=0)",4.68,0,1
14,104,0,Empiristas,"eta=1 (desbalanco=1, oculto=0)",0.88,0,0
14,106,0,Empiristas,"eta=3 (desbalanco=1, oculto=2)",6.7,0,1
14,111,1,Incrementalistas,"eta=1 (desbalanco=1, oculto=0)",0.74,0,0
14,111,1,Incrementalistas,"eta=2 (desbalanco=0, oculto=2)",5.7,0,0
14,117,0,Empiristas,"eta=2 (desbalanco=0, oculto=2)",5.7,0,0
14,153,2,Evolucionistas,"eta=3 (desbalanco=3, oculto=0)",2.74,0,0
14,174,2,Evolucionistas,"eta=4 (desbalanco=4, oculto=0)",3.74,0,1
14,233,0,Empiristas,"eta=2 (desbalanco=2, oculto=0)",1.74,0,0
14,294,2,Evolucionistas,"eta=2 (desbalanco=0, oculto=2)",5.7,0,0
14,294,2,Evolucionistas,"eta=3 (desbalanco=1, oculto=2)",6.72,0,0
14,294,2,Evolucionistas,"eta=3 (desbalanco=3, oculto=0)",2.74,0,0
14,294,2,Evolucionistas,"eta=2 (desbalanco=2, oculto=0)",1.72,0,0
14,294,2,Evolucionistas,"camada fechada (eta=0)",-0.32,0,0
14,297,1,Incrementalistas,"eta=3 (desbalanco=3, oculto=0)",2.7,0,0
14,297,1,Incrementalistas,"camada fechada (eta=0)",-0.04,0,0
15,0,0,Empiristas,"camada fechada (eta=0)",-0.04,1,0
15,0,0,Empiristas,"eta=2 (desbalanco=2, oculto=0)",1.8,1,0
15,0,0,Empiristas,"eta=1 (desbalanco=1, oculto=0)",0.82,1,0
15,0,1,Incrementalistas,"eta=1 (desbalanco=1, oculto=0)",0.72,0,0
15,0,1,Incrementalistas,"camada fechada (eta=0)",-0.28,0,0
15,0,2,Evolucionistas,"eta=1 (desbalanco=1, oculto=0)",0.9,0,0
15,0,3,Isolados,"camada fechada (eta=0)",-0.02,0,0
15,1,1,Incrementalistas,"eta=2 (desbalanco=2, oculto=0)",1.7,0,0
15,1,2,Evolucionistas,"camada fechada (eta=0)",-0.14,0,0
15,1,3,Isolados,"eta=1 (desbalanco=1, oculto=0)",0.86,0,0
15,3,2,Evolucionistas,"eta=2 (desbalanco=2, oculto=0)",1.8,0,1
15,7,1,Incrementalistas,"eta=3 (desbalanco=3, oculto=0)",2.68,1,0
15,7,2,Evolucionistas,"eta=3 (desbalanco=3, oculto=0)",2.74,0,0
15,7,3,Isolados,"eta=2 (desbalanco=2, oculto=0)",1.82,0,0
15,8,0,Empiristas,"eta=3 (desbalanco=3, oculto=0)",2.74,0,1
15,13,3,Isolados,"eta=3 (desbalanco=3, oculto=0)",2.82,0,0
15,36,2,Evolucionistas,"eta=2 (desbalanco=0, oculto=2)",5.72,1,0
15,38,0,Empiristas,"eta=2 (desbalanco=0, oculto=2)",5.72,0,1
15,41,1,Incrementalistas,"eta=4 (desbalanco=4, oculto=0)",3.68,1,0
15,42,0,Empiristas,"eta=4 (desbalanco=4, oculto=0)",3.68,0,1
15,42,1,Incrementalistas,"eta=2 (desbalanco=0, oculto=2)",5.72,0,1
15,43,0,Empiristas,"eta=1 (desbalanco=1, oculto=0)",0.8,0,0
15,45,2,Evolucionistas,"eta=4 (desbalanco=4, oculto=0)",3.74,0,0
15,45,3,Isolados,"eta=4 (desbalanco=4, oculto=0)",3.68,0,0
15,50,1,Incrementalistas,"eta=2 (desbalanco=0, oculto=2)",5.74,0,1
15,77,3,Isolados,"eta=5 (desbalanco=5, oculto=0)",4.68,1,0
15,122,0,Empiristas,"eta=3 (desbalanco=1, oculto=2)",6.68,1,0
15,124,1,Incrementalistas,"eta=3 (desbalanco=1, oculto=2)",6.68,0,1
15,125,2,Evolucionistas,"eta=3 (desbalanco=1, oculto=2)",6.68,0,1
15,162,3,Isolados,"eta=2 (desbalanco=0, oculto=2)",5.7,0,0
15,167,3,Isolados,"eta=3 (desbalanco=1, oculto=2)",6.7,0,0
15,178,3,Isolados,"eta=2 (desbalanco=2, oculto=0)",1.7,0,0
15,189,1,Incrementalistas,"eta=2 (desbalanco=2, oculto=0)",1.72,0,0
15,189,1,Incrementalistas,"eta=1 (desbalanco=1, oculto=0)",0.7,0,0
15,189,1,Incrementalistas,"eta=2 (desbalanco=0, oculto=2)",5.72,0,0
15,189,1,Incrementalistas,"eta=3 (desbalanco=1, oculto=2)",6.68,0,0
15,191,3,Isolados,"eta=4 (desbalanco=4, oculto=0)",3.68,0,0
15,191,1,Incrementalistas,"eta=4 (desbalanco=4, oculto=0)",3.76,0,1
15,252,3,Isolados,"eta=5 (desbalanco=5, oculto=0)",4.7,0,0
16,0,0,Empiristas,"camada fechada (eta=0)",-0.02,1,0
16,0,0,Empiristas,"eta=2 (desbalanco=2, oculto=0)",1.76,1,0
16,0,0,Empiristas,"eta=1 (desbalanco=1, oculto=0)",0.9,1,0
16,0,1,Incrementalistas,"camada fechada (eta=0)",-0.1,0,0
16,0,1,Incrementalistas,"eta=1 (desbalanco=1, oculto=0)",0.92,0,0
16,0,2,Evolucionistas,"camada fechada (eta=0)",-0.04,0,0
16,0,2,Evolucionistas,"eta=2 (desbalanco=2, oculto=0)",1.78,0,0
16,0,3,Isolados,"eta=1 (desbalanco=1, oculto=0)",0.88,0,0
16,0,3,Isolados,"eta=2 (desbalanco=2, oculto=0)",1.68,0,0
16,1,2,Evolucionistas,"eta=1 (desbalanco=1, oculto=0)",0.8,0,0
16,1,3,Isolados,"eta=3 (desbalanco=3, oculto=0)",2.74,1,0
16,2,3,Isolados,"camada fechada (eta=0)",-0.08,0,0
16,3,1,Incrementalistas,"eta=2 (desbalanco=2, oculto=0)",1.76,0,1
16,15,1,Incrementalistas,"eta=2 (desbalanco=2, oculto=0)",1.88,0,0
16,31,2,Evolucionistas,"eta=3 (desbalanco=3, oculto=0)",2.76,0,0
16,32,0,Empiristas,"eta=3 (desbalanco=3, oculto=0)",2.78,0,1
16,35,2,Evolucionistas,"eta=2 (desbalanco=0, oculto=2)",5.74,1,0
16,35,1,Incrementalistas,"eta=3 (desbalanco=3, oculto=0)",2.78,0,1
16,35,1,Incrementalistas,"eta=2 (desbalanco=0, oculto=2)",5.74,0,1
16,37,0,Empiristas,"eta=2 (desbalanco=0, oculto=2)",5.74,0,1
16,55,3,Isolados,"eta=4 (desbalanco=4, oculto=0)",3.74,1,0
16,69,2,Evolucionistas,"eta=4 (desbalanco=4, oculto=0)",3.72,0,0
16,70,0,Empiristas,"eta=3 (desbalanco=1, oculto=2)",6.7,1,0
16,70,1,Incrementalistas,"eta=3 (desbalanco=1, oculto=2)",6.7,0,1
16,74,2,Evolucionistas,"eta=3 (desbalanco=1, oculto=2)",6.72,0,1
16,78,1,Incrementalistas,"eta=4 (desbalanco=4, oculto=0)",3.76,0,1
16,95,0,Empiristas,"eta=1 (desbalanco=1, oculto=0)",0.8,0,0
16,97,0,Empiristas,"eta=3 (desbalanco=3, oculto=0)",2.8,0,0
16,116,2,Evolucionistas,"eta=2 (desbalanco=2, oculto=0)",1.8,0,0
16,116,2,Evolucionistas,"eta=2 (desbalanco=0, oculto=2)",5.72,0,0
16,119,1,Incrementalistas,"eta=5 (desbalanco=5, oculto=0)",4.7,1,0
16,124,0,Empiristas,"eta=4 (desbalanco=4, oculto=0)",3.76,0,1
16,128,3,Isolados,"eta=5 (desbalanco=5, oculto=0)",4.7,0,0
16,129,2,Evolucionistas,"eta=3 (desbalanco=1, oculto=2)",6.68,0,0
16,129,2,Evolucionistas,"camada fechada (eta=0)",-0.28,0,0
16,129,2,Evolucionistas,"eta=2 (desbalanco=0, oculto=2)",5.74,0,0
16,138,2,Evolucionistas,"eta=5 (desbalanco=5, oculto=0)",4.7,0,1
16,140,2,Evolucionistas,"eta=4 (desbalanco=4, oculto=0)",3.68,0,0
16,147,0,Empiristas,"eta=5 (desbalanco=5, oculto=0)",4.7,0,1
16,201,0,Empiristas,"camada fechada (eta=0)",-0.2,0,0
16,201,0,Empiristas,"eta=2 (desbalanco=2, oculto=0)",1.7,0,0
16,203,0,Empiristas,"eta=2 (desbalanco=2, oculto=0)",1.68,0,0
16,203,3,Isolados,"eta=2 (desbalanco=0, oculto=2)",5.68,0,0
16,204,3,Isolados,"eta=3 (desbalanco=1, oculto=2)",6.68,0,0
17,0,0,Empiristas,"camada fechada (eta=0)",-0.32,1,0
17,0,0,Empiristas,"eta=1 (desbalanco=1, oculto=0)",0.9,1,0
17,0,1,Incrementalistas,"camada fechada (eta=0)",-0.1,0,0
17,0,1,Incrementalistas,"eta=1 (desbalanco=1, oculto=0)",0.9,0,0
17,0,2,Evolucionistas,"eta=1 (desbalanco=1, oculto=0)",0.9,0,0
17,0,2,Evolucionistas,"camada fechada (eta=0)",-0.1,0,0
17,0,3,Isolados,"eta=1 (desbalanco=1, oculto=0)",0.84,0,0
17,0,3,Isolados,"camada fechada (eta=0)",-0.3,0,0
17,0,3,Isolados,"eta=2 (desbalanco=2, oculto=0)",1.78,1,0
17,3,2,Evolucionistas,"eta=2 (desbalanco=2, oculto=0)",1.88,0,0
17,3,0,Empiristas,"eta=2 (desbalanco=2, oculto=0)",1.88,0,1
17,5,1,Incrementalistas,"eta=2 (desbalanco=2, oculto=0)",1.88,0,1
17,11,3,Isolados,"eta=3 (desbalanco=3, oculto=0)",2.78,1,0
17,24,0,Empiristas,"camada fechada (eta=0)",-0.28,0,0
17,35,3,Isolados,"eta=4 (desbalanco=4, oculto=0)",3.72,1,0
17,45,1,Incrementalistas,"eta=3 (desbalanco=3, oculto=0)",2.74,0,0
17,49,2,Evolucionistas,"eta=3 (desbalanco=3, oculto=0)",2.72,0,0
17,50,1,Incrementalistas,"eta=4 (desbalanco=4, oculto=0)",3.72,0,0
17,50,0,Empiristas,"eta=4 (desbalanco=4, oculto=0)",3.72,0,1
17,50,2,Evolucionistas,"eta=4 (desbalanco=4, oculto=0)",3.72,0,1
17,51,2,Evolucionistas,"eta=2 (desbalanco=0, oculto=2)",5.7,1,0
17,51,1,Incrementalistas,"eta=2 (desbalanco=0, oculto=2)",5.7,0,1
17,53,0,Empiristas,"eta=2 (desbalanco=0, oculto=2)",5.7,0,1
17,54,0,Empiristas,"eta=3 (desbalanco=3, oculto=0)",2.72,0,0
17,60,2,Evolucionistas,"eta=2 (desbalanco=2, oculto=0)",1.78,0,0
17,60,2,Evolucionistas,"eta=1 (desbalanco=1, oculto=0)",0.8,0,0
17,60,2,Evolucionistas,"eta=2 (desbalanco=0, oculto=2)",5.78,0,0
17,75,0,Empiristas,"eta=3 (desbalanco=1, oculto=2)",6.68,1,0
17,78,2,Evolucionistas,"eta=3 (desbalanco=1, oculto=2)",6.68,0,1
17,78,1,Incrementalistas,"eta=3 (desbalanco=1, oculto=2)",6.68,0,1
17,96,2,Evolucionistas,"eta=3 (desbalanco=3, oculto=0)",2.7,0,0
17,106,2,Evolucionistas,"eta=4 (desbalanco=4, oculto=0)",3.76,0,1
17,134,3,Isolados,"eta=5 (desbalanco=5, oculto=0)",4.7,1,0
17,150,1,Incrementalistas,"eta=2 (desbalanco=2, oculto=0)",1.68,0,0
17,154,1,Incrementalistas,"eta=4 (desbalanco=4, oculto=0)",3.76,0,0
17,195,3,Isolados,"eta=4 (desbalanco=4, oculto=0)",3.7,0,0
17,195,3,Isolados,"eta=1 (desbalanco=1, oculto=0)",0.68,0,0
17,195,3,Isolados,"camada fechada (eta=0)",-0.04,0,0
17,195,3,Isolados,"eta=2 (desbalanco=2, oculto=0)",1.7,0,0
17,260,3,Isolados,"eta=1 (desbalanco=1, oculto=0)",0.68,0,0
17,260,3,Isolados,"camada fechada (eta=0)",-0.18,0,0
17,270,1,Incrementalistas,"eta=2 (desbalanco=2, oculto=0)",1.7,0,0
17,270,1,Incrementalistas,"eta=3 (desbalanco=1, oculto=2)",6.7,0,0
17,270,1,Incrementalistas,"camada fechada (eta=0)",-0.28,0,0
17,270,1,Incrementalistas,"eta=3 (desbalanco=3, oculto=0)",2.72,0,0
17,274,1,Incrementalistas,"eta=4 (desbalanco=4, oculto=0)",3.76,0,1
17,284,3,Isolados,"eta=2 (desbalanco=0, oculto=2)",5.76,0,0
17,285,3,Isolados,"eta=3 (desbalanco=1, oculto=2)",6.68,0,0
17,286,1,Incrementalistas,"eta=1 (desbalanco=1, oculto=0)",0.74,0,0
17,286,1,Incrementalistas,"eta=3 (desbalanco=3, oculto=0)",2.68,0,0
17,286,1,Incrementalistas,"eta=4 (desbalanco=4, oculto=0)",3.72,0,0
17,293,3,Isolados,"eta=2 (desbalanco=2, oculto=0)",1.72,0,0
17,293,3,Isolados,"eta=1 (desbalanco=1, oculto=0)",0.7,0,0
17,293,3,Isolados,"eta=3 (desbalanco=1, oculto=2)",6.68,0,0
17,293,3,Isolados,"eta=3 (desbalanco=3, oculto=0)",2.7,0,0
17,293,3,Isolados,"eta=4 (desbalanco=4, oculto=0)",3.7,0,0
18,0,0,Empiristas,"camada fechada (eta=0)",-0.02,1,0
18,0,1,Incrementalistas,"eta=1 (desbalanco=1, oculto=0)",0.84,1,0
18,0,1,Incrementalistas,"camada fechada (eta=0)",-0.1,0,0
18,0,2,Evolucionistas,"eta=1 (desbalanco=1, oculto=0)",0.88,0,0
18,0,2,Evolucionistas,"camada fechada (eta=0)",-0.2,0,0
18,0,3,Isolados,"camada fechada (eta=0)",-0.28,0,0
18,0,3,Isolados,"eta=1 (desbalanco=1, oculto=0)",0.84,0,0
18,1,0,Empiristas,"eta=1 (desbalanco=1, oculto=0)",0.84,0,0
18,1,2,Evolucionistas,"eta=2 (desbalanco=2, oculto=0)",1.86,1,0
18,1,0,Empiristas,"eta=2 (desbalanco=2, oculto=0)",1.86,0,1
18,3,1,Incrementalistas,"eta=2 (desbalanco=2, oculto=0)",1.86,0,1
18,5,3,Isolados,"eta=2 (desbalanco=2, oculto=0)",1.76,0,0
18,17,0,Empiristas,"eta=3 (desbalanco=3, oculto=0)",2.74,1,0
18,21,2,Evolucionistas,"eta=3 (desbalanco=3, oculto=0)",2.74,0,1
18,21,1,Incrementalistas,"eta=3 (desbalanco=3, oculto=0)",2.74,0,1
18,35,1,Incrementalistas,"eta=4 (desbalanco=4, oculto=0)",3.7,1,0
18,35,0,Empiristas,"eta=4 (desbalanco=4, oculto=0)",3.7,0,1
18,36,2,Evolucionistas,"eta=2 (desbalanco=0, oculto=2)",5.68,1,0
18,36,2,Evolucionistas,"eta=4 (desbalanco=4, oculto=0)",3.7,0,1
18,36,0,Empiristas,"eta=2 (desbalanco=0, oculto=2)",5.68,0,1
18,39,1,Incrementalistas,"eta=2 (desbalanco=0, oculto=2)",5.7,0,1
18,42,3,Isolados,"eta=3 (desbalanco=3, oculto=0)",2.78,0,0
18,65,1,Incrementalistas,"eta=3 (desbalanco=1, oculto=2)",6.68,1,0
18,66,3,Isolados,"eta=2 (desbalanco=0, oculto=2)",5.72,0,0
18,66,0,Empiristas,"eta=3 (desbalanco=1, oculto=2)",6.68,0,1
18,67,2,Evolucionistas,"eta=3 (desbalanco=1, oculto=2)",6.7,0,0
18,73,3,Isolados,"eta=4 (desbalanco=4, oculto=0)",3.76,0,0
18,82,3,Isolados,"eta=3 (desbalanco=1, oculto=2)",6.7,0,0
18,99,1,Incrementalistas,"eta=1 (desbalanco=1, oculto=0)",0.7,0,0
18,164,0,Empiristas,"eta=5 (desbalanco=5, oculto=0)",4.7,1,0
18,171,1,Incrementalistas,"eta=5 (desbalanco=5, oculto=0)",4.7,0,1
18,193,2,Evolucionistas,"eta=5 (desbalanco=5, oculto=0)",4.7,0,1
18,277,2,Evolucionistas,"eta=3 (desbalanco=1, oculto=2)",6.72,0,0
18,277,2,Evolucionistas,"camada fechada (eta=0)",-0.24,0,0
19,0,0,Empiristas,"camada fechada (eta=0)",-0.12,1,0
19,0,0,Empiristas,"eta=1 (desbalanco=1, oculto=0)",0.92,1,0
19,0,1,Incrementalistas,"camada fechada (eta=0)",-0.24,0,0
19,0,1,Incrementalistas,"eta=1 (desbalanco=1, oculto=0)",0.82,0,0
19,0,2,Evolucionistas,"camada fechada (eta=0)",-0.06,0,0
19,0,3,Isolados,"camada fechada (eta=0)",-0.06,0,0
19,0,3,Isolados,"eta=2 (desbalanco=2, oculto=0)",1.76,1,0
19,1,2,Evolucionistas,"eta=1 (desbalanco=1, oculto=0)",0.9,0,0
19,1,3,Isolados,"eta=1 (desbalanco=1, oculto=0)",0.88,0,0
19,4,0,Empiristas,"eta=2 (desbalanco=2, oculto=0)",1.78,0,0
19,4,1,Incrementalistas,"eta=2 (desbalanco=2, oculto=0)",1.78,0,1
19,6,2,Evolucionistas,"eta=2 (desbalanco=2, oculto=0)",1.84,0,1
19,19,3,Isolados,"eta=3 (desbalanco=3, oculto=0)",2.78,1,0
19,29,1,Incrementalistas,"eta=3 (desbalanco=3, oculto=0)",2.8,0,0
19,30,2,Evolucionistas,"eta=3 (desbalanco=3, oculto=0)",2.8,0,1
19,33,0,Empiristas,"eta=3 (desbalanco=3, oculto=0)",2.72,0,0
19,39,1,Incrementalistas,"eta=4 (desbalanco=4, oculto=0)",3.68,1,0
19,43,0,Empiristas,"eta=4 (desbalanco=4, oculto=0)",3.7,0,1
19,44,2,Evolucionistas,"eta=4 (desbalanco=4, oculto=0)",3.7,0,1
19,51,1,Incrementalistas,"eta=2 (desbalanco=0, oculto=2)",5.68,1,0
19,55,0,Empiristas,"eta=2 (desbalanco=0, oculto=2)",5.72,0,1
19,57,2,Evolucionistas,"eta=2 (desbalanco=0, oculto=2)",5.72,0,1
19,61,3,Isolados,"eta=3 (desbalanco=1, oculto=2)",6.7,1,0
19,66,3,Isolados,"eta=2 (desbalanco=0, oculto=2)",5.72,0,0
19,69,3,Isolados,"eta=4 (desbalanco=4, oculto=0)",3.72,0,0
19,78,2,Evolucionistas,"eta=3 (desbalanco=1, oculto=2)",6.7,0,0
19,80,1,Incrementalistas,"eta=3 (desbalanco=1, oculto=2)",6.7,0,0
19,80,0,Empiristas,"eta=3 (desbalanco=1, oculto=2)",6.7,0,1
19,232,0,Empiristas,"eta=5 (desbalanco=5, oculto=0)",4.68,1,0
19,293,2,Evolucionistas,"eta=5 (desbalanco=5, oculto=0)",4.7,0,1
20,0,0,Empiristas,"eta=1 (desbalanco=1, oculto=0)",0.86,1,0
20,0,0,Empiristas,"camada fechada (eta=0)",-0.14,1,0
20,0,1,Incrementalistas,"camada fechada (eta=0)",-0.02,0,0
20,0,2,Evolucionistas,"camada fechada (eta=0)",-0.06,0,0
20,0,2,Evolucionistas,"eta=1 (desbalanco=1, oculto=0)",0.86,0,0
20,0,3,Isolados,"eta=1 (desbalanco=1, oculto=0)",0.7,0,0
20,0,3,Isolados,"camada fechada (eta=0)",-0.04,0,0
20,1,0,Empiristas,"eta=2 (desbalanco=2, oculto=0)",1.8,1,0
20,1,1,Incrementalistas,"eta=1 (desbalanco=1, oculto=0)",0.92,0,1
20,2,2,Evolucionistas,"eta=2 (desbalanco=2, oculto=0)",1.8,0,1
20,3,3,Isolados,"eta=2 (desbalanco=2, oculto=0)",1.78,0,0
20,4,1,Incrementalistas,"eta=2 (desbalanco=2, oculto=0)",1.86,0,0
20,13,2,Evolucionistas,"eta=3 (desbalanco=3, oculto=0)",2.72,1,0
20,13,3,Isolados,"eta=3 (desbalanco=3, oculto=0)",2.78,0,0
20,15,1,Incrementalistas,"eta=3 (desbalanco=3, oculto=0)",2.72,0,1
20,21,0,Empiristas,"eta=3 (desbalanco=3, oculto=0)",2.74,0,1
20,22,3,Isolados,"eta=4 (desbalanco=4, oculto=0)",3.7,1,0
20,28,0,Empiristas,"camada fechada (eta=0)",-0.1,0,0
20,28,0,Empiristas,"eta=1 (desbalanco=1, oculto=0)",0.82,0,0
20,30,3,Isolados,"eta=3 (desbalanco=1, oculto=2)",6.68,1,0
20,32,0,Empiristas,"eta=2 (desbalanco=2, oculto=0)",1.82,0,0
20,32,3,Isolados,"eta=2 (desbalanco=0, oculto=2)",5.68,1,0
20,61,0,Empiristas,"eta=2 (desbalanco=0, oculto=2)",5.72,0,0
20,68,2,Evolucionistas,"eta=2 (desbalanco=0, oculto=2)",5.72,0,1
20,69,1,Incrementalistas,"eta=2 (desbalanco=0, oculto=2)",5.72,0,1
20,73,2,Evolucionistas,"eta=1 (desbalanco=1, oculto=0)",0.82,0,0
20,73,2,Evolucionistas,"eta=3 (desbalanco=3, oculto=0)",2.74,0,0
20,79,1,Incrementalistas,"eta=3 (desbalanco=1, oculto=2)",6.7,0,0
20,82,0,Empiristas,"eta=3 (desbalanco=1, oculto=2)",6.72,0,1
20,88,2,Evolucionistas,"eta=3 (desbalanco=1, oculto=2)",6.72,0,1
20,164,1,Incrementalistas,"eta=3 (desbalanco=1, oculto=2)",6.68,0,0
20,197,2,Evolucionistas,"eta=4 (desbalanco=4, oculto=0)",3.68,0,0
20,204,0,Empiristas,"eta=4 (desbalanco=4, oculto=0)",3.72,0,1
20,208,1,Incrementalistas,"eta=2 (desbalanco=0, oculto=2)",5.7,0,0
20,224,1,Incrementalistas,"eta=4 (desbalanco=4, oculto=0)",3.68,0,0
20,238,3,Isolados,"camada fechada (eta=0)",-0.02,0,0
20,238,3,Isolados,"eta=1 (desbalanco=1, oculto=0)",0.72,0,0
20,238,3,Isolados,"eta=2 (desbalanco=2, oculto=0)",1.72,0,0
20,238,3,Isolados,"eta=3 (desbalanco=3, oculto=0)",2.76,0,0
21,0,0,Empiristas,"eta=1 (desbalanco=1, oculto=0)",0.74,1,0
21,0,0,Empiristas,"camada fechada (eta=0)",-0.22,1,0
21,0,1,Incrementalistas,"eta=1 (desbalanco=1, oculto=0)",0.84,0,0
21,0,2,Evolucionistas,"eta=1 (desbalanco=1, oculto=0)",0.68,0,0
21,0,2,Evolucionistas,"camada fechada (eta=0)",-0.28,0,0
21,0,3,Isolados,"camada fechada (eta=0)",-0.28,0,0
21,0,3,Isolados,"eta=1 (desbalanco=1, oculto=0)",0.76,0,0
21,1,1,Incrementalistas,"camada fechada (eta=0)",-0.14,0,0
21,1,3,Isolados,"eta=2 (desbalanco=2, oculto=0)",1.76,1,0
21,2,1,Incrementalistas,"eta=2 (desbalanco=2, oculto=0)",1.84,0,0
21,2,2,Evolucionistas,"eta=2 (desbalanco=2, oculto=0)",1.84,0,0
21,3,0,Empiristas,"eta=2 (desbalanco=2, oculto=0)",1.74,0,0
21,5,3,Isolados,"eta=3 (desbalanco=3, oculto=0)",2.7,1,0
21,9,2,Evolucionistas,"eta=3 (desbalanco=3, oculto=0)",2.72,0,0
21,10,1,Incrementalistas,"eta=3 (desbalanco=3, oculto=0)",2.72,0,1
21,10,0,Empiristas,"eta=3 (desbalanco=3, oculto=0)",2.72,0,1
21,16,3,Isolados,"eta=4 (desbalanco=4, oculto=0)",3.7,1,0
21,22,2,Evolucionistas,"eta=4 (desbalanco=4, oculto=0)",3.7,0,0
21,24,0,Empiristas,"eta=4 (desbalanco=4, oculto=0)",3.7,0,1
21,27,0,Empiristas,"eta=2 (desbalanco=0, oculto=2)",5.76,1,0
21,27,1,Incrementalistas,"eta=2 (desbalanco=0, oculto=2)",5.76,0,1
21,29,2,Evolucionistas,"eta=2 (desbalanco=0, oculto=2)",5.76,0,1
21,29,1,Incrementalistas,"eta=4 (desbalanco=4, oculto=0)",3.7,0,1
21,52,3,Isolados,"eta=5 (desbalanco=5, oculto=0)",4.68,1,0
21,61,1,Incrementalistas,"eta=5 (desbalanco=5, oculto=0)",4.68,0,0
21,69,2,Evolucionistas,"eta=3 (desbalanco=1, oculto=2)",6.7,1,0
21,70,0,Empiristas,"eta=3 (desbalanco=1, oculto=2)",6.7,0,1
21,72,1,Incrementalistas,"eta=3 (desbalanco=1, oculto=2)",6.7,0,1
21,90,2,Evolucionistas,"camada fechada (eta=0)",-0.08,0,0
21,90,2,Evolucionistas,"eta=2 (desbalanco=2, oculto=0)",1.8,0,0
21,95,2,Evolucionistas,"eta=1 (desbalanco=1, oculto=0)",0.78,0,0
21,95,0,Empiristas,"eta=5 (desbalanco=5, oculto=0)",4.68,0,1
21,101,2,Evolucionistas,"eta=5 (desbalanco=5, oculto=0)",4.68,0,1
21,106,2,Evolucionistas,"eta=4 (desbalanco=4, oculto=0)",3.7,0,0
21,181,2,Evolucionistas,"eta=3 (desbalanco=1, oculto=2)",6.72,0,0
21,189,2,Evolucionistas,"eta=5 (desbalanco=5, oculto=0)",4.7,0,1
21,223,3,Isolados,"eta=2 (desbalanco=0, oculto=2)",5.7,0,0
21,224,3,Isolados,"eta=3 (desbalanco=1, oculto=2)",6.68,0,0
21,263,0,Empiristas,"eta=1 (desbalanco=1, oculto=0)",0.7,0,0
21,263,0,Empiristas,"eta=2 (desbalanco=2, oculto=0)",1.7,0,0
21,264,0,Empiristas,"eta=4 (desbalanco=4, oculto=0)",3.7,0,0
22,0,0,Empiristas,"eta=1 (desbalanco=1, oculto=0)",0.76,1,0
22,0,0,Empiristas,"camada fechada (eta=0)",-0.04,1,0
22,0,1,Incrementalistas,"camada fechada (eta=0)",-0.2,0,0
22,0,1,Incrementalistas,"eta=1 (desbalanco=1, oculto=0)",0.7,0,0
22,0,2,Evolucionistas,"camada fechada (eta=0)",-0.28,0,0
22,0,2,Evolucionistas,"eta=1 (desbalanco=1, oculto=0)",0.8,0,0
22,0,3,Isolados,"camada fechada (eta=0)",-0.18,0,0
22,0,3,Isolados,"eta=1 (desbalanco=1, oculto=0)",0.82,0,0
22,1,0,Empiristas,"eta=3 (desbalanco=3, oculto=0)",2.78,1,0
22,1,1,Incrementalistas,"eta=2 (desbalanco=2, oculto=0)",1.7,1,0
22,4,0,Empiristas,"eta=2 (desbalanco=2, oculto=0)",1.8,0,0
22,4,1,Incrementalistas,"eta=3 (desbalanco=3, oculto=0)",2.78,0,1
22,5,2,Evolucionistas,"eta=2 (desbalanco=2, oculto=0)",1.68,0,0
22,6,2,Evolucionistas,"eta=3 (desbalanco=3, oculto=0)",2.78,0,1
22,20,3,Isolados,"eta=2 (desbalanco=2, oculto=0)",1.82,0,0
22,22,2,Evolucionistas,"eta=4 (desbalanco=4, oculto=0)",3.7,1,0
22,25,0,Empiristas,"eta=4 (desbalanco=4, oculto=0)",3.7,0,1
22,26,2,Evolucionistas,"camada fechada (eta=0)",-0.16,0,0
22,26,2,Evolucionistas,"eta=1 (desbalanco=1, oculto=0)",0.72,0,0
22,26,2,Evolucionistas,"eta=2 (desbalanco=2, oculto=0)",1.84,0,0
22,27,1,Incrementalistas,"eta=4 (desbalanco=4, oculto=0)",3.7,0,1
22,32,3,Isolados,"eta=3 (desbalanco=3, oculto=0)",2.78,0,0
22,43,0,Empiristas,"eta=2 (desbalanco=0, oculto=2)",5.72,1,0
22,43,1,Incrementalistas,"eta=2 (desbalanco=0, oculto=2)",5.72,0,1
22,48,0,Empiristas,"eta=3 (desbalanco=1, oculto=2)",6.7,1,0
22,48,2,Evolucionistas,"eta=3 (desbalanco=1, oculto=2)",6.7,0,1
22,49,2,Evolucionistas,"eta=2 (desbalanco=0, oculto=2)",5.76,0,1
22,49,1,Incrementalistas,"eta=3 (desbalanco=1, oculto=2)",6.7,0,1
22,81,3,Isolados,"eta=4 (desbalanco=4, oculto=0)",3.74,0,0
22,83,3,Isolados,"eta=1 (desbalanco=1, oculto=0)",0.82,0,0
22,83,3,Isolados,"eta=3 (desbalanco=3, oculto=0)",2.78,0,0
22,83,3,Isolados,"camada fechada (eta=0)",-0.08,0,0
22,86,0,Empiristas,"eta=3 (desbalanco=3, oculto=0)",2.68,0,0
22,88,0,Empiristas,"eta=4 (desbalanco=4, oculto=0)",3.7,0,0
22,88,0,Empiristas,"eta=3 (desbalanco=1, oculto=2)",6.72,0,1
22,101,3,Isolados,"eta=4 (desbalanco=4, oculto=0)",3.76,0,0
22,110,3,Isolados,"eta=2 (desbalanco=0, oculto=2)",5.74,0,0
22,123,3,Isolados,"eta=3 (desbalanco=1, oculto=2)",6.7,0,0
22,128,2,Evolucionistas,"camada fechada (eta=0)",-0.32,0,0
22,128,2,Evolucionistas,"eta=3 (desbalanco=1, oculto=2)",6.72,0,0
22,128,2,Evolucionistas,"eta=2 (desbalanco=0, oculto=2)",5.7,0,0
22,197,3,Isolados,"eta=3 (desbalanco=1, oculto=2)",6.72,0,0
22,197,3,Isolados,"eta=3 (desbalanco=3, oculto=0)",2.74,0,0
22,237,2,Evolucionistas,"eta=3 (desbalanco=3, oculto=0)",2.78,0,0
22,237,2,Evolucionistas,"camada fechada (eta=0)",-0.04,0,0
22,290,1,Incrementalistas,"eta=2 (desbalanco=0, oculto=2)",5.74,0,0
22,290,1,Incrementalistas,"eta=2 (desbalanco=2, oculto=0)",1.72,0,0
22,290,1,Incrementalistas,"camada fechada (eta=0)",-0.3,0,0
23,0,0,Empiristas,"camada fechada (eta=0)",-0.3,1,0
23,0,0,Empiristas,"eta=1 (desbalanco=1, oculto=0)",0.84,1,0
23,0,1,Incrementalistas,"camada fechada (eta=0)",-0.02,0,0
23,0,1,Incrementalistas,"eta=1 (desbalanco=1, oculto=0)",0.78,0,0
23,0,2,Evolucionistas,"camada fechada (eta=0)",-0.02,0,0
23,0,2,Evolucionistas,"eta=1 (desbalanco=1, oculto=0)",0.82,0,0
23,0,3,Isolados,"camada fechada (eta=0)",-0.04,0,0
23,1,1,Incrementalistas,"eta=2 (desbalanco=2, oculto=0)",1.76,1,0
23,1,3,Isolados,"eta=1 (desbalanco=1, oculto=0)",0.76,0,0
23,1,3,Isolados,"eta=2 (desbalanco=2, oculto=0)",1.68,0,0
23,1,0,Empiristas,"eta=2 (desbalanco=2, oculto=0)",1.76,0,1
23,4,2,Evolucionistas,"eta=2 (desbalanco=2, oculto=0)",1.76,0,1
23,9,3,Isolados,"eta=3 (desbalanco=3, oculto=0)",2.72,1,0
23,15,1,Incrementalistas,"eta=3 (desbalanco=3, oculto=0)",2.72,0,0
23,18,0,Empiristas,"eta=3 (desbalanco=3, oculto=0)",2.72,0,1
23,20,2,Evolucionistas,"eta=3 (desbalanco=3, oculto=0)",2.72,0,1
23,38,2,Evolucionistas,"eta=4 (desbalanco=4, oculto=0)",3.76,1,0
23,38,0,Empiristas,"eta=4 (desbalanco=4, oculto=0)",3.76,0,1
23,42,1,Incrementalistas,"eta=4 (desbalanco=4, oculto=0)",3.76,0,1
23,54,0,Empiristas,"eta=2 (desbalanco=0, oculto=2)",5.68,1,0
23,55,1,Incrementalistas,"eta=1 (desbalanco=1, oculto=0)",0.78,0,0
23,57,2,Evolucionistas,"eta=2 (desbalanco=0, oculto=2)",5.68,0,1
23,58,1,Incrementalistas,"camada fechada (eta=0)",-0.1,0,0
23,58,1,Incrementalistas,"eta=2 (desbalanco=0, oculto=2)",5.68,0,1
23,74,3,Isolados,"eta=2 (desbalanco=2, oculto=0)",1.78,0,0
23,76,3,Isolados,"eta=2 (desbalanco=0, oculto=2)",5.7,0,0
23,78,3,Isolados,"eta=4 (desbalanco=4, oculto=0)",3.76,0,0
23,82,0,Empiristas,"eta=3 (desbalanco=3, oculto=0)",2.76,0,0
23,89,0,Empiristas,"eta=4 (desbalanco=4, oculto=0)",3.68,0,0
23,91,1,Incrementalistas,"eta=3 (desbalanco=1, oculto=2)",6.68,1,0
23,91,0,Empiristas,"eta=3 (desbalanco=1, oculto=2)",6.68,0,1
23,101,3,Isolados,"eta=5 (desbalanco=5, oculto=0)",4.68,1,0
23,102,0,Empiristas,"eta=2 (desbalanco=0, oculto=2)",5.68,0,0
23,103,2,Evolucionistas,"eta=3 (desbalanco=1, oculto=2)",6.7,0,1
23,106,1,Incrementalistas,"eta=1 (desbalanco=1, oculto=0)",0.78,0,0
23,106,1,Incrementalistas,"camada fechada (eta=0)",-0.24,0,0
23,109,1,Incrementalistas,"eta=3 (desbalanco=1, oculto=2)",6.68,0,0
23,112,1,Incrementalistas,"eta=4 (desbalanco=4, oculto=0)",3.76,0,1
23,130,3,Isolados,"eta=3 (desbalanco=1, oculto=2)",6.7,0,0
23,239,0,Empiristas,"eta=3 (desbalanco=1, oculto=2)",6.68,0,0
23,239,0,Empiristas,"eta=2 (desbalanco=0, oculto=2)",5.7,0,0
23,239,0,Empiristas,"eta=2 (desbalanco=2, oculto=0)",1.7,0,0
24,0,0,Empiristas,"eta=1 (desbalanco=1, oculto=0)",0.84,1,0
24,0,0,Empiristas,"camada fechada (eta=0)",-0.16,1,0
24,0,1,Incrementalistas,"camada fechada (eta=0)",-0.18,0,0
24,0,1,Incrementalistas,"eta=1 (desbalanco=1, oculto=0)",0.74,0,0
24,0,2,Evolucionistas,"camada fechada (eta=0)",-0.26,0,0
24,0,2,Evolucionistas,"eta=1 (desbalanco=1, oculto=0)",0.86,0,0
24,0,3,Isolados,"camada fechada (eta=0)",-0.32,0,0
24,0,3,Isolados,"eta=1 (desbalanco=1, oculto=0)",0.8,0,0
24,1,0,Empiristas,"eta=2 (desbalanco=2, oculto=0)",1.86,1,0
24,2,1,Incrementalistas,"eta=2 (desbalanco=2, oculto=0)",1.8,0,0
24,2,2,Evolucionistas,"eta=2 (desbalanco=2, oculto=0)",1.86,0,1
24,7,3,Isolados,"eta=2 (desbalanco=2, oculto=0)",1.84,0,0
24,18,0,Empiristas,"eta=3 (desbalanco=3, oculto=0)",2.68,1,0
24,18,2,Evolucionistas,"eta=2 (desbalanco=2, oculto=0)",1.78,0,0
24,18,1,Incrementalistas,"eta=3 (desbalanco=3, oculto=0)",2.68,0,1
24,19,2,Evolucionistas,"eta=3 (desbalanco=3, oculto=0)",2.68,0,1
24,25,2,Evolucionistas,"eta=3 (desbalanco=1, oculto=2)",6.68,1,0
24,25,0,Empiristas,"eta=3 (desbalanco=1, oculto=2)",6.68,0,1
24,26,1,Incrementalistas,"eta=3 (desbalanco=1, oculto=2)",6.68,0,1
24,28,0,Empiristas,"eta=2 (desbalanco=0, oculto=2)",5.7,1,0
24,28,1,Incrementalistas,"eta=2 (desbalanco=0, oculto=2)",5.7,0,0
24,28,0,Empiristas,"eta=2 (desbalanco=2, oculto=0)",1.86,0,1
24,28,2,Evolucionistas,"eta=2 (desbalanco=0, oculto=2)",5.7,0,1
24,33,3,Isolados,"eta=3 (desbalanco=3, oculto=0)",2.82,0,0
24,52,3,Isolados,"eta=4 (desbalanco=4, oculto=0)",3.74,1,0
24,57,0,Empiristas,"eta=1 (desbalanco=1, oculto=0)",0.92,0,0
24,57,0,Empiristas,"eta=3 (desbalanco=1, oculto=2)",6.7,0,1
24,67,0,Empiristas,"eta=4 (desbalanco=4, oculto=0)",3.7,0,0
24,70,3,Isolados,"eta=5 (desbalanco=5, oculto=0)",4.68,1,0
24,108,1,Incrementalistas,"eta=4 (desbalanco=4, oculto=0)",3.72,0,1
24,108,2,Evolucionistas,"eta=4 (desbalanco=4, oculto=0)",3.72,0,1
24,126,1,Incrementalistas,"eta=3 (desbalanco=1, oculto=2)",6.7,0,0
24,126,1,Incrementalistas,"eta=2 (desbalanco=0, oculto=2)",5.74,0,0
24,126,1,Incrementalistas,"eta=1 (desbalanco=1, oculto=0)",0.74,0,0
24,127,1,Incrementalistas,"camada fechada (eta=0)",-0.14,0,0
24,130,3,Isolados,"eta=2 (desbalanco=0, oculto=2)",5.68,0,0
24,133,3,Isolados,"eta=3 (desbalanco=1, oculto=2)",6.7,0,0
24,180,0,Empiristas,"eta=4 (desbalanco=4, oculto=0)",3.74,0,1
25,0,0,Empiristas,"camada fechada (eta=0)",-0.06,1,0
25,0,0,Empiristas,"eta=1 (desbalanco=1, oculto=0)",0.8,1,0
25,0,1,Incrementalistas,"eta=2 (desbalanco=2, oculto=0)",1.78,1,0
25,0,1,Incrementalistas,"eta=1 (desbalanco=1, oculto=0)",0.74,0,0
25,0,2,Evolucionistas,"eta=2 (desbalanco=2, oculto=0)",1.82,0,0
25,0,2,Evolucionistas,"camada fechada (eta=0)",-0.02,0,0
25,0,2,Evolucionistas,"eta=1 (desbalanco=1, oculto=0)",0.84,0,0
25,0,3,Isolados,"eta=3 (desbalanco=3, oculto=0)",2.74,1,0
25,0,3,Isolados,"camada fechada (eta=0)",-0.02,0,0
25,0,3,Isolados,"eta=4 (desbalanco=4, oculto=0)",3.7,1,0
25,1,3,Isolados,"eta=1 (desbalanco=1, oculto=0)",0.78,0,0
25,1,3,Isolados,"eta=2 (desbalanco=2, oculto=0)",1.76,0,0
25,2,0,Empiristas,"eta=3 (desbalanco=3, oculto=0)",2.68,0,0
25,2,1,Incrementalistas,"camada fechada (eta=0)",-0.2,0,0
25,3,0,Empiristas,"eta=2 (desbalanco=2, oculto=0)",1.82,0,1
25,3,2,Evolucionistas,"eta=3 (desbalanco=3, oculto=0)",2.68,0,1
25,6,1,Incrementalistas,"eta=3 (desbalanco=3, oculto=0)",2.68,0,1
25,23,0,Empiristas,"eta=4 (desbalanco=4, oculto=0)",3.7,0,0
25,23,1,Incrementalistas,"eta=4 (desbalanco=4, oculto=0)",3.7,0,1
25,25,2,Evolucionistas,"eta=4 (desbalanco=4, oculto=0)",3.76,0,1
25,29,2,Evolucionistas,"eta=2 (desbalanco=0, oculto=2)",5.76,1,0
25,34,1,Incrementalistas,"eta=2 (desbalanco=0, oculto=2)",5.76,0,1
25,37,0,Empiristas,"eta=2 (desbalanco=0, oculto=2)",5.76,0,1
25,39,2,Evolucionistas,"eta=3 (desbalanco=1, oculto=2)",6.7,1,0
25,39,0,Empiristas,"eta=3 (desbalanco=1, oculto=2)",6.7,0,1
25,42,1,Incrementalistas,"eta=3 (desbalanco=1, oculto=2)",6.7,0,1
25,75,3,Isolados,"eta=5 (desbalanco=5, oculto=0)",4.68,1,0
25,79,3,Isolados,"eta=4 (desbalanco=4, oculto=0)",3.7,0,0
25,94,1,Incrementalistas,"eta=2 (desbalanco=2, oculto=0)",1.72,0,0
25,94,1,Incrementalistas,"eta=3 (desbalanco=1, oculto=2)",6.7,0,0
25,94,1,Incrementalistas,"eta=4 (desbalanco=4, oculto=0)",3.76,0,1
25,97,1,Incrementalistas,"eta=3 (desbalanco=3, oculto=0)",2.78,0,0
25,110,2,Evolucionistas,"eta=2 (desbalanco=2, oculto=0)",1.68,0,0
25,110,2,Evolucionistas,"eta=3 (desbalanco=1, oculto=2)",6.7,0,0
25,110,2,Evolucionistas,"eta=3 (desbalanco=3, oculto=0)",2.78,0,0
25,120,2,Evolucionistas,"eta=4 (desbalanco=4, oculto=0)",3.68,0,0
25,134,1,Incrementalistas,"eta=3 (desbalanco=3, oculto=0)",2.72,0,0
25,147,1,Incrementalistas,"eta=4 (desbalanco=4, oculto=0)",3.72,0,0
25,222,1,Incrementalistas,"eta=5 (desbalanco=5, oculto=0)",4.68,0,0
25,222,0,Empiristas,"eta=5 (desbalanco=5, oculto=0)",4.68,0,1
25,227,2,Evolucionistas,"eta=5 (desbalanco=5, oculto=0)",4.68,0,1
25,268,3,Isolados,"eta=2 (desbalanco=0, oculto=2)",5.68,0,0
25,269,3,Isolados,"eta=3 (desbalanco=1, oculto=2)",6.68,0,0
26,0,0,Empiristas,"camada fechada (eta=0)",-0.26,1,0
26,0,0,Empiristas,"eta=1 (desbalanco=1, oculto=0)",0.88,1,0
26,0,1,Incrementalistas,"camada fechada (eta=0)",-0.14,0,0
26,0,1,Incrementalistas,"eta=1 (desbalanco=1, oculto=0)",0.94,0,0
26,0,2,Evolucionistas,"eta=2 (desbalanco=2, oculto=0)",1.78,1,0
26,0,2,Evolucionistas,"camada fechada (eta=0)",-0.02,0,0
26,0,2,Evolucionistas,"eta=1 (desbalanco=1, oculto=0)",0.8,0,0
26,0,3,Isolados,"camada fechada (eta=0)",-0.3,0,0
26,0,3,Isolados,"eta=1 (desbalanco=1, oculto=0)",0.92,0,0
26,4,0,Empiristas,"eta=2 (desbalanco=2, oculto=0)",1.78,0,0
26,5,1,Incrementalistas,"eta=2 (desbalanco=2, oculto=0)",1.86,0,1
26,6,3,Isolados,"eta=2 (desbalanco=2, oculto=0)",1.78,0,0
26,9,0,Empiristas,"eta=3 (desbalanco=3, oculto=0)",2.7,1,0
26,10,2,Evolucionistas,"eta=3 (desbalanco=3, oculto=0)",2.7,0,1
26,12,3,Isolados,"eta=3 (desbalanco=3, oculto=0)",2.7,0,0
26,12,3,Isolados,"eta=4 (desbalanco=4, oculto=0)",3.7,1,0
26,12,1,Incrementalistas,"eta=3 (desbalanco=3, oculto=0)",2.7,0,1
26,31,1,Incrementalistas,"eta=4 (desbalanco=4, oculto=0)",3.68,0,0
26,32,0,Empiristas,"eta=2 (desbalanco=0, oculto=2)",5.68,1,0
26,39,1,Incrementalistas,"eta=2 (desbalanco=0, oculto=2)",5.7,0,1
26,39,2,Evolucionistas,"eta=2 (desbalanco=0, oculto=2)",5.7,0,1
26,45,0,Empiristas,"eta=2 (desbalanco=2, oculto=0)",1.82,0,0
26,46,0,Empiristas,"camada fechada (eta=0)",-0.06,0,0
26,47,2,Evolucionistas,"eta=4 (desbalanco=4, oculto=0)",3.68,0,0
26,53,0,Empiristas,"eta=4 (desbalanco=4, oculto=0)",3.72,0,1
26,76,3,Isolados,"eta=5 (desbalanco=5, oculto=0)",4.68,1,0
26,78,1,Incrementalistas,"eta=3 (desbalanco=1, oculto=2)",6.7,1,0
26,79,0,Empiristas,"eta=3 (desbalanco=1, oculto=2)",6.7,0,1
26,79,2,Evolucionistas,"eta=3 (desbalanco=1, oculto=2)",6.7,0,1
26,88,3,Isolados,"eta=2 (desbalanco=2, oculto=0)",1.74,0,0
26,88,3,Isolados,"eta=1 (desbalanco=1, oculto=0)",0.9,0,0
26,102,2,Evolucionistas,"eta=5 (desbalanco=5, oculto=0)",4.68,0,0
26,113,3,Isolados,"eta=5 (desbalanco=5, oculto=0)",4.68,0,0
26,124,0,Empiristas,"eta=5 (desbalanco=5, oculto=0)",4.68,0,1
26,130,3,Isolados,"eta=3 (desbalanco=3, oculto=0)",2.7,0,0
26,158,1,Incrementalistas,"eta=5 (desbalanco=5, oculto=0)",4.68,0,1
26,263,3,Isolados,"eta=2 (desbalanco=0, oculto=2)",5.7,0,0
26,264,3,Isolados,"eta=3 (desbalanco=1, oculto=2)",6.72,0,0
27,0,0,Empiristas,"eta=1 (desbalanco=1, oculto=0)",0.9,1,0
27,0,0,Empiristas,"camada fechada (eta=0)",-0.04,1,0
27,0,1,Incrementalistas,"camada fechada (eta=0)",-0.3,0,0
27,0,1,Incrementalistas,"eta=1 (desbalanco=1, oculto=0)",0.76,0,0
27,0,2,Evolucionistas,"eta=1 (desbalanco=1, oculto=0)",0.7,0,0
27,0,2,Evolucionistas,"camada fechada (eta=0)",-0.06,0,0
27,0,3,Isolados,"camada fechada (eta=0)",-0.12,0,0
27,0,3,Isolados,"eta=1 (desbalanco=1, oculto=0)",0.82,0,0
27,2,2,Evolucionistas,"eta=2 (desbalanco=2, oculto=0)",1.68,1,0
27,2,3,Isolados,"eta=2 (desbalanco=2, oculto=0)",1.76,0,0
27,5,2,Evolucionistas,"eta=3 (desbalanco=3, oculto=0)",2.7,1,0
27,7,1,Incrementalistas,"eta=2 (desbalanco=2, oculto=0)",1.76,0,0
27,7,0,Empiristas,"eta=3 (desbalanco=3, oculto=0)",2.7,0,1
27,8,0,Empiristas,"eta=2 (desbalanco=2, oculto=0)",1.76,0,1
27,8,1,Incrementalistas,"eta=3 (desbalanco=3, oculto=0)",2.7,0,1
27,12,2,Evolucionistas,"eta=2 (desbalanco=0, oculto=2)",5.72,1,0
27,15,2,Evolucionistas,"camada fechada (eta=0)",-0.24,0,0
27,16,3,Isolados,"eta=3 (desbalanco=3, oculto=0)",2.72,0,0
27,17,2,Evolucionistas,"eta=3 (desbalanco=3, oculto=0)",2.76,0,0
27,17,2,Evolucionistas,"eta=2 (desbalanco=2, oculto=0)",1.8,0,0
27,18,0,Empiristas,"eta=2 (desbalanco=0, oculto=2)",5.72,0,1
27,22,1,Incrementalistas,"eta=2 (desbalanco=0, oculto=2)",5.72,0,1
27,54,3,Isolados,"eta=4 (desbalanco=4, oculto=0)",3.72,1,0
27,55,2,Evolucionistas,"eta=3 (desbalanco=1, oculto=2)",6.68,1,0
27,62,0,Empiristas,"eta=3 (desbalanco=1, oculto=2)",6.68,0,1
27,64,1,Incrementalistas,"eta=3 (desbalanco=1, oculto=2)",6.68,0,0
27,66,0,Empiristas,"eta=4 (desbalanco=4, oculto=0)",3.68,0,0
27,76,3,Isolados,"eta=5 (desbalanco=5, oculto=0)",4.68,1,0
27,88,2,Evolucionistas,"eta=3 (desbalanco=1, oculto=2)",6.7,0,0
27,88,2,Evolucionistas,"eta=1 (desbalanco=1, oculto=0)",0.7,0,0
27,88,2,Evolucionistas,"eta=2 (desbalanco=0, oculto=2)",5.68,0,0
27,107,3,Isolados,"camada fechada (eta=0)",-0.1,0,0
27,116,2,Evolucionistas,"eta=4 (desbalanco=4, oculto=0)",3.72,0,1
27,135,1,Incrementalistas,"eta=4 (desbalanco=4, oculto=0)",3.72,0,1
27,157,0,Empiristas,"eta=5 (desbalanco=5, oculto=0)",4.68,0,0
27,162,1,Incrementalistas,"eta=5 (desbalanco=5, oculto=0)",4.68,0,1
27,167,3,Isolados,"eta=4 (desbalanco=4, oculto=0)",3.7,0,0
27,167,3,Isolados,"camada fechada (eta=0)",-0.1,0,0
27,167,3,Isolados,"eta=2 (desbalanco=2, oculto=0)",1.74,0,0
27,195,1,Incrementalistas,"camada fechada (eta=0)",-0.04,0,0
27,195,1,Incrementalistas,"eta=2 (desbalanco=0, oculto=2)",5.7,0,0
27,195,1,Incrementalistas,"eta=3 (desbalanco=1, oculto=2)",6.72,0,0
27,195,1,Incrementalistas,"eta=2 (desbalanco=2, oculto=0)",1.72,0,0
27,200,0,Empiristas,"eta=3 (desbalanco=3, oculto=0)",2.7,0,0
27,205,0,Empiristas,"eta=4 (desbalanco=4, oculto=0)",3.68,0,0
27,205,1,Incrementalistas,"eta=2 (desbalanco=2, oculto=0)",1.68,0,0
27,205,1,Incrementalistas,"camada fechada (eta=0)",-0.02,0,0
27,206,2,Evolucionistas,"eta=3 (desbalanco=3, oculto=0)",2.78,0,0
27,208,2,Evolucionistas,"eta=5 (desbalanco=5, oculto=0)",4.7,0,1
27,214,1,Incrementalistas,"eta=4 (desbalanco=4, oculto=0)",3.76,0,1
27,234,1,Incrementalistas,"eta=5 (desbalanco=5, oculto=0)",4.68,0,0
27,257,2,Evolucionistas,"eta=3 (desbalanco=1, oculto=2)",6.7,0,0
27,257,2,Evolucionistas,"eta=2 (desbalanco=0, oculto=2)",5.72,0,0
27,259,2,Evolucionistas,"eta=4 (desbalanco=4, oculto=0)",3.74,0,0
27,259,2,Evolucionistas,"camada fechada (eta=0)",-0.14,0,0
27,262,1,Incrementalistas,"eta=1 (desbalanco=1, oculto=0)",0.72,0,0
27,262,1,Incrementalistas,"camada fechada (eta=0)",-0.22,0,0
27,262,1,Incrementalistas,"eta=3 (desbalanco=1, oculto=2)",6.7,0,0
27,262,1,Incrementalistas,"eta=2 (desbalanco=2, oculto=0)",1.7,0,0
27,262,1,Incrementalistas,"eta=3 (desbalanco=3, oculto=0)",2.7,0,0
27,262,3,Isolados,"eta=2 (desbalanco=0, oculto=2)",5.68,0,0
27,262,3,Isolados,"eta=3 (desbalanco=1, oculto=2)",6.72,0,0
27,289,2,Evolucionistas,"eta=5 (desbalanco=5, oculto=0)",4.7,0,1
27,296,1,Incrementalistas,"eta=4 (desbalanco=4, oculto=0)",3.74,0,0
27,297,1,Incrementalistas,"eta=5 (desbalanco=5, oculto=0)",4.7,0,1
28,0,0,Empiristas,"camada fechada (eta=0)",-0.14,1,0
28,0,0,Empiristas,"eta=1 (desbalanco=1, oculto=0)",0.86,1,0
28,0,1,Incrementalistas,"camada fechada (eta=0)",-0.14,0,0
28,0,1,Incrementalistas,"eta=1 (desbalanco=1, oculto=0)",0.7,0,0
28,0,1,Incrementalistas,"eta=2 (desbalanco=2, oculto=0)",1.68,1,0
28,0,2,Evolucionistas,"camada fechada (eta=0)",-0.24,0,0
28,0,2,Evolucionistas,"eta=1 (desbalanco=1, oculto=0)",0.68,0,0
28,0,3,Isolados,"eta=1 (desbalanco=1, oculto=0)",0.88,0,0
28,0,3,Isolados,"camada fechada (eta=0)",-0.12,0,0
28,1,0,Empiristas,"eta=2 (desbalanco=2, oculto=0)",1.84,0,0
28,1,2,Evolucionistas,"eta=2 (desbalanco=2, oculto=0)",1.84,0,1
28,3,3,Isolados,"eta=2 (desbalanco=2, oculto=0)",1.8,0,0
28,5,1,Incrementalistas,"eta=3 (desbalanco=3, oculto=0)",2.68,1,0
28,5,0,Empiristas,"eta=3 (desbalanco=3, oculto=0)",2.7,0,1
28,9,2,Evolucionistas,"eta=3 (desbalanco=3, oculto=0)",2.7,0,1
28,37,3,Isolados,"eta=3 (desbalanco=3, oculto=0)",2.76,0,0
28,41,1,Incrementalistas,"eta=4 (desbalanco=4, oculto=0)",3.68,1,0
28,42,0,Empiristas,"eta=4 (desbalanco=4, oculto=0)",3.68,0,1
28,42,2,Evolucionistas,"eta=4 (desbalanco=4, oculto=0)",3.68,0,1
28,75,1,Incrementalistas,"eta=5 (desbalanco=5, oculto=0)",4.7,1,0
28,76,2,Evolucionistas,"eta=5 (desbalanco=5, oculto=0)",4.68,0,0
28,80,3,Isolados,"eta=4 (desbalanco=4, oculto=0)",3.74,0,0
28,85,0,Empiristas,"eta=5 (desbalanco=5, oculto=0)",4.7,0,1
28,96,2,Evolucionistas,"camada fechada (eta=0)",-0.22,0,0
28,153,3,Isolados,"eta=5 (desbalanco=5, oculto=0)",4.68,0,0
28,160,3,Isolados,"eta=2 (desbalanco=0, oculto=2)",5.68,1,0
28,162,3,Isolados,"eta=3 (desbalanco=1, oculto=2)",6.68,1,0
28,172,3,Isolados,"eta=3 (desbalanco=3, oculto=0)",2.78,0,0
28,192,0,Empiristas,"eta=2 (desbalanco=0, oculto=2)",5.72,0,0
28,192,2,Evolucionistas,"eta=2 (desbalanco=0, oculto=2)",5.74,0,1
28,194,0,Empiristas,"eta=3 (desbalanco=1, oculto=2)",6.7,0,0
28,194,2,Evolucionistas,"eta=3 (desbalanco=1, oculto=2)",6.68,0,0
28,200,1,Incrementalistas,"eta=3 (desbalanco=1, oculto=2)",6.72,0,1
28,201,1,Incrementalistas,"eta=2 (desbalanco=0, oculto=2)",5.74,0,0
28,232,1,Incrementalistas,"eta=3 (desbalanco=1, oculto=2)",6.68,0,0
28,232,1,Incrementalistas,"eta=1 (desbalanco=1, oculto=0)",0.68,0,0
28,232,1,Incrementalistas,"eta=3 (desbalanco=3, oculto=0)",2.7,0,0
28,232,1,Incrementalistas,"eta=5 (desbalanco=5, oculto=0)",4.7,0,1
29,0,0,Empiristas,"camada fechada (eta=0)",-0.04,1,0
29,0,0,Empiristas,"eta=1 (desbalanco=1, oculto=0)",0.92,1,0
29,0,1,Incrementalistas,"camada fechada (eta=0)",-0.06,0,0
29,0,1,Incrementalistas,"eta=1 (desbalanco=1, oculto=0)",0.84,0,0
29,0,1,Incrementalistas,"eta=2 (desbalanco=2, oculto=0)",1.86,1,0
29,0,2,Evolucionistas,"camada fechada (eta=0)",-0.32,0,0
29,0,2,Evolucionistas,"eta=1 (desbalanco=1, oculto=0)",0.78,0,0
29,0,3,Isolados,"eta=2 (desbalanco=2, oculto=0)",1.76,0,0
29,0,3,Isolados,"eta=1 (desbalanco=1, oculto=0)",0.74,0,0
29,0,3,Isolados,"camada fechada (eta=0)",-0.24,0,0
29,1,2,Evolucionistas,"eta=2 (desbalanco=2, oculto=0)",1.86,0,1
29,4,0,Empiristas,"eta=2 (desbalanco=2, oculto=0)",1.88,0,1
29,10,3,Isolados,"eta=3 (desbalanco=3, oculto=0)",2.76,1,0
29,24,0,Empiristas,"eta=3 (desbalanco=3, oculto=0)",2.78,0,0
29,29,1,Incrementalistas,"camada fechada (eta=0)",-0.02,0,0
29,31,1,Incrementalistas,"eta=3 (desbalanco=3, oculto=0)",2.78,0,1
29,31,2,Evolucionistas,"eta=3 (desbalanco=3, oculto=0)",2.78,0,1
29,50,2,Evolucionistas,"eta=2 (desbalanco=0, oculto=2)",5.76,1,0
29,52,0,Empiristas,"eta=2 (desbalanco=0, oculto=2)",5.72,0,0
29,55,1,Incrementalistas,"eta=2 (desbalanco=0, oculto=2)",5.76,0,1
29,61,1,Incrementalistas,"eta=4 (desbalanco=4, oculto=0)",3.7,1,0
29,66,3,Isolados,"eta=4 (desbalanco=4, oculto=0)",3.76,0,0
29,68,0,Empiristas,"eta=4 (desbalanco=4, oculto=0)",3.72,0,0
29,72,2,Evolucionistas,"eta=4 (desbalanco=4, oculto=0)",3.74,0,1
29,84,1,Incrementalistas,"eta=3 (desbalanco=1, oculto=2)",6.72,1,0
29,85,2,Evolucionistas,"eta=3 (desbalanco=1, oculto=2)",6.72,0,1
29,87,0,Empiristas,"eta=3 (desbalanco=1, oculto=2)",6.72,0,1
29,111,3,Isolados,"eta=3 (desbalanco=3, oculto=0)",2.7,0,0
29,111,3,Isolados,"eta=2 (desbalanco=2, oculto=0)",1.72,0,0
29,111,3,Isolados,"eta=1 (desbalanco=1, oculto=0)",0.92,0,0
29,111,3,Isolados,"eta=4 (desbalanco=4, oculto=0)",3.74,0,0
29,111,3,Isolados,"camada fechada (eta=0)",-0.04,0,0
29,115,2,Evolucionistas,"eta=1 (desbalanco=1, oculto=0)",0.82,0,0
29,115,2,Evolucionistas,"eta=3 (desbalanco=1, oculto=2)",6.68,0,0
29,115,2,Evolucionistas,"eta=2 (desbalanco=0, oculto=2)",5.72,0,0
29,115,2,Evolucionistas,"camada fechada (eta=0)",-0.14,0,0
29,119,0,Empiristas,"eta=1 (desbalanco=1, oculto=0)",0.72,0,0
29,121,0,Empiristas,"eta=3 (desbalanco=3, oculto=0)",2.72,0,0
29,121,0,Empiristas,"eta=4 (desbalanco=4, oculto=0)",3.74,0,1
29,135,3,Isolados,"eta=2 (desbalanco=0, oculto=2)",5.7,0,0
29,146,3,Isolados,"eta=3 (desbalanco=1, oculto=2)",6.68,0,0
29,165,0,Empiristas,"eta=5 (desbalanco=5, oculto=0)",4.68,1,0
29,172,0,Empiristas,"camada fechada (eta=0)",-0.12,0,0
29,173,0,Empiristas,"eta=4 (desbalanco=4, oculto=0)",3.68,0,0
29,175,2,Evolucionistas,"eta=5 (desbalanco=5, oculto=0)",4.68,0,0
29,182,1,Incrementalistas,"eta=5 (desbalanco=5, oculto=0)",4.68,0,1
29,186,0,Empiristas,"eta=5 (desbalanco=5, oculto=0)",4.68,0,1
29,236,3,Isolados,"eta=5 (desbalanco=5, oculto=0)",4.68,0,0
29,240,2,Evolucionistas,"eta=3 (desbalanco=1, oculto=2)",6.72,0,0
29,240,2,Evolucionistas,"eta=3 (desbalanco=3, oculto=0)",2.82,0,0
29,240,2,Evolucionistas,"eta=2 (desbalanco=2, oculto=0)",1.72,0,0
29,242,2,Evolucionistas,"eta=5 (desbalanco=5, oculto=0)",4.68,0,0
30,0,0,Empiristas,"eta=1 (desbalanco=1, oculto=0)",0.78,1,0
30,0,0,Empiristas,"camada fechada (eta=0)",-0.26,1,0
30,0,1,Incrementalistas,"camada fechada (eta=0)",-0.06,0,0
30,0,1,Incrementalistas,"eta=1 (desbalanco=1, oculto=0)",0.68,0,0
30,0,2,Evolucionistas,"camada fechada (eta=0)",-0.18,0,0
30,0,3,Isolados,"camada fechada (eta=0)",-0.2,0,0
30,1,0,Empiristas,"eta=2 (desbalanco=2, oculto=0)",1.72,1,0
30,1,3,Isolados,"eta=1 (desbalanco=1, oculto=0)",0.8,0,0
30,1,1,Incrementalistas,"eta=2 (desbalanco=2, oculto=0)",1.72,0,1
30,4,2,Evolucionistas,"eta=1 (desbalanco=1, oculto=0)",0.9,0,0
30,5,2,Evolucionistas,"eta=2 (desbalanco=2, oculto=0)",1.74,0,1
30,9,3,Isolados,"eta=2 (desbalanco=2, oculto=0)",1.82,0,0
30,16,1,Incrementalistas,"eta=3 (desbalanco=3, oculto=0)",2.68,1,0
30,17,3,Isolados,"eta=3 (desbalanco=3, oculto=0)",2.8,0,0
30,23,0,Empiristas,"eta=2 (desbalanco=0, oculto=2)",5.68,1,0
30,23,2,Evolucionistas,"eta=3 (desbalanco=3, oculto=0)",2.68,0,0
30,26,0,Empiristas,"eta=3 (desbalanco=3, oculto=0)",2.74,0,1
30,26,2,Evolucionistas,"eta=2 (desbalanco=0, oculto=2)",5.68,0,1
30,32,1,Incrementalistas,"eta=2 (desbalanco=0, oculto=2)",5.68,0,1
30,33,2,Evolucionistas,"eta=4 (desbalanco=4, oculto=0)",3.7,1,0
30,35,3,Isolados,"eta=4 (desbalanco=4, oculto=0)",3.76,0,0
30,38,3,Isolados,"eta=2 (desbalanco=0, oculto=2)",5.76,0,0
30,41,1,Incrementalistas,"eta=4 (desbalanco=4, oculto=0)",3.68,0,0
30,43,0,Empiristas,"eta=4 (desbalanco=4, oculto=0)",3.72,0,1
30,72,2,Evolucionistas,"eta=5 (desbalanco=5, oculto=0)",4.68,1,0
30,72,2,Evolucionistas,"eta=3 (desbalanco=1, oculto=2)",6.72,1,0
30,72,1,Incrementalistas,"eta=3 (desbalanco=1, oculto=2)",6.72,0,1
30,73,1,Incrementalistas,"eta=5 (desbalanco=5, oculto=0)",4.68,0,1
30,75,0,Empiristas,"eta=3 (desbalanco=1, oculto=2)",6.72,0,1
30,82,0,Empiristas,"eta=5 (desbalanco=5, oculto=0)",4.68,0,1
30,95,3,Isolados,"eta=3 (desbalanco=1, oculto=2)",6.7,0,0
30,114,2,Evolucionistas,"eta=2 (desbalanco=0, oculto=2)",5.72,0,0
30,177,1,Incrementalistas,"eta=4 (desbalanco=4, oculto=0)",3.74,0,1
30,179,3,Isolados,"eta=2 (desbalanco=0, oculto=2)",5.72,0,0
30,179,3,Isolados,"eta=3 (desbalanco=1, oculto=2)",6.7,0,0
30,179,3,Isolados,"eta=3 (desbalanco=3, oculto=0)",2.8,0,0
30,200,0,Empiristas,"eta=3 (desbalanco=1, oculto=2)",6.7,0,0
30,200,0,Empiristas,"eta=2 (desbalanco=0, oculto=2)",5.72,0,0
30,200,0,Empiristas,"eta=2 (desbalanco=2, oculto=0)",1.78,0,0
30,218,1,Incrementalistas,"camada fechada (eta=0)",-0.28,0,0
30,218,1,Incrementalistas,"eta=3 (desbalanco=3, oculto=0)",2.76,0,0
30,218,1,Incrementalistas,"eta=4 (desbalanco=4, oculto=0)",3.68,0,0
30,290,0,Empiristas,"eta=2 (desbalanco=0, oculto=2)",5.7,0,0
30,290,0,Empiristas,"eta=3 (desbalanco=1, oculto=2)",6.7,0,0
30,297,0,Empiristas,"eta=5 (desbalanco=5, oculto=0)",4.7,0,1
31,0,0,Empiristas,"eta=1 (desbalanco=1, oculto=0)",0.78,1,0
31,0,0,Empiristas,"camada fechada (eta=0)",-0.16,1,0
31,0,1,Incrementalistas,"eta=1 (desbalanco=1, oculto=0)",0.86,0,0
31,0,1,Incrementalistas,"camada fechada (eta=0)",-0.3,0,0
31,0,2,Evolucionistas,"camada fechada (eta=0)",-0.16,0,0
31,0,2,Evolucionistas,"eta=1 (desbalanco=1, oculto=0)",0.8,0,0
31,0,3,Isolados,"camada fechada (eta=0)",-0.04,0,0
31,0,3,Isolados,"eta=1 (desbalanco=1, oculto=0)",0.78,0,0
31,1,2,Evolucionistas,"eta=2 (desbalanco=2, oculto=0)",1.84,1,0
31,1,0,Empiristas,"eta=2 (desbalanco=2, oculto=0)",1.84,0,1
31,6,3,Isolados,"eta=2 (desbalanco=2, oculto=0)",1.7,0,0
31,6,1,Incrementalistas,"eta=2 (desbalanco=2, oculto=0)",1.86,0,1
31,10,2,Evolucionistas,"eta=1 (desbalanco=1, oculto=0)",0.84,0,0
31,13,2,Evolucionistas,"eta=2 (desbalanco=2, oculto=0)",1.74,0,0
31,17,3,Isolados,"eta=3 (desbalanco=3, oculto=0)",2.78,1,0
31,37,3,Isolados,"eta=4 (desbalanco=4, oculto=0)",3.72,1,0
31,38,2,Evolucionistas,"eta=3 (desbalanco=3, oculto=0)",2.78,0,0
31,39,1,Incrementalistas,"eta=3 (desbalanco=3, oculto=0)",2.8,0,1
31,40,0,Empiristas,"eta=3 (desbalanco=3, oculto=0)",2.8,0,1
31,44,1,Incrementalistas,"eta=3 (desbalanco=3, oculto=0)",2.8,0,1
31,58,0,Empiristas,"eta=4 (desbalanco=4, oculto=0)",3.74,0,0
31,65,1,Incrementalistas,"eta=4 (desbalanco=4, oculto=0)",3.74,0,1
31,67,2,Evolucionistas,"eta=4 (desbalanco=4, oculto=0)",3.74,0,1
31,84,1,Incrementalistas,"eta=5 (desbalanco=5, oculto=0)",4.68,1,0
31,84,2,Evolucionistas,"eta=5 (desbalanco=5, oculto=0)",4.68,0,1
31,85,0,Empiristas,"eta=5 (desbalanco=5, oculto=0)",4.68,0,1
31,96,3,Isolados,"eta=5 (desbalanco=5, oculto=0)",4.68,0,0
31,141,3,Isolados,"eta=2 (desbalanco=2, oculto=0)",1.78,0,0
31,147,3,Isolados,"eta=2 (desbalanco=0, oculto=2)",5.76,1,0
31,151,3,Isolados,"eta=3 (desbalanco=1, oculto=2)",6.7,1,0
31,224,0,Empiristas,"eta=2 (desbalanco=0, oculto=2)",5.74,0,0
31,224,2,Evolucionistas,"eta=5 (desbalanco=5, oculto=0)",4.68,0,0
31,224,2,Evolucionistas,"eta=4 (desbalanco=4, oculto=0)",3.7,0,0
31,224,2,Evolucionistas,"eta=2 (desbalanco=2, oculto=0)",1.78,0,0
31,225,1,Incrementalistas,"eta=2 (desbalanco=0, oculto=2)",5.74,0,1
31,226,1,Incrementalistas,"eta=3 (desbalanco=1, oculto=2)",6.68,0,0
31,227,0,Empiristas,"eta=3 (desbalanco=1, oculto=2)",6.68,0,0
31,229,2,Evolucionistas,"eta=3 (desbalanco=1, oculto=2)",6.72,0,1
31,230,2,Evolucionistas,"eta=2 (desbalanco=0, oculto=2)",5.74,0,0
